HUC_12,instream_act,riparian_act,land_act,fishpass_act,instream_cst,n_instream_huc,n_instream_cst,riparian_cst,n_riparian_huc,n_riparian_cst,land_cst,n_land_huc,n_land_cst,main_cst,n_main_huc,n_main_cst,prj_cst,n_prj_cst,n_prj_huc,n_worksites
170300010101,0,0,0,0,0,0,0,0,0,0,0,0,0,0,0,0,0,0,0,1
170300010102,0,2,0,0,0,0,0,NA,2,0,0,0,0,NA,2,0,0,0,2,2
170300010103,0,0,0,0,0,0,0,0,0,0,0,0,0,0,0,0,0,0,0,0
170300010104,0,2,0,0,0,0,0,6925.404531742556,2,2,0,0,0,6925.404531742556,2,2,6925.404531742556,1,2,2
170300010105,0,0,0,0,0,0,0,0,0,0,0,0,0,0,0,0,0,0,0,0
170300010106,3,0,0,0,0,0,0,0,0,0,0,0,0,1042783.8466069797,2,2,1042783.8466069797,2,2,3
170300010201,0,18,0,0,0,0,0,2770.1618126970225,2,2,0,0,0,77564.92504996854,3,3,77564.92504996854,2,3,18
170300010202,0,1,0,0,0,0,0,NA,1,0,0,0,0,NA,1,0,0,0,1,1
170300010203,0,2,0,0,0,0,0,NA,2,0,0,0,0,NA,2,0,0,0,2,3
170300010204,4,3,2,1,0,0,0,NA,1,0,45660.42889174262,2,2,631644.0454668436,5,5,631644.0454668436,4,6,9
170300010205,1,1,0,1,16711.86991677872,1,1,0,0,0,0,0,0,16711.86991677872,1,1,6626606.207008943,54,64,87
170300010301,0,0,0,1,0,0,0,0,0,0,0,0,0,NA,0,0,4672.366925320021,1,3,3
170300010302,0,0,0,0,0,0,0,0,0,0,0,0,0,0,0,0,0,0,0,0
170300010303,0,2,0,0,0,0,0,2447.8286150379768,1,1,0,0,0,5217.990427735,2,2,5217.990427735,2,2,2
170300010304,1,0,0,0,488309.76354937773,1,1,0,0,0,0,0,0,488309.76354937773,1,1,488309.76354937773,1,1,1
170300010305,0,0,2,2,0,0,0,0,0,0,0,0,0,1124401.5963030693,2,2,1623950.7972455646,3,4,7
170300010306,0,0,3,2,0,0,0,0,0,0,42103.494796235944,2,2,2077962.3089776707,3,3,2171968.6614525104,4,5,5
170300010307,1,3,0,0,0,0,0,0,0,0,0,0,0,NA,0,0,127021.13506819788,1,1,6
170300010401,0,0,0,0,0,0,0,0,0,0,0,0,0,0,0,0,0,0,0,0
170300010402,0,0,0,0,0,0,0,0,0,0,0,0,0,0,0,0,0,0,0,0
170300010403,1,0,0,2,0,0,0,0,0,0,0,0,0,NA,0,0,818642.5055210935,1,2,2
170300010404,1,0,0,0,NA,NA,NA,NA,NA,NA,NA,NA,NA,NA,NA,NA,NA,NA,NA,1
170300010405,0,0,0,0,0,0,0,0,0,0,0,0,0,0,0,0,0,0,0,0
170300010406,0,1,1,0,0,0,0,NA,1,0,0,0,0,NA,2,0,0,0,2,2
170300010407,0,0,0,0,0,0,0,0,0,0,0,0,0,0,0,0,0,0,0,7
170300010408,5,1,0,2,0,0,0,0,0,0,0,0,0,21716.80757657015,1,1,1076674.895403387,3,4,9
170300010409,2,0,0,6,0,0,0,0,0,0,0,0,0,49454.023613251164,1,1,1538058.0154127346,4,4,12
170300010501,1,0,0,0,0,0,0,0,0,0,0,0,0,290879.554751809,1,1,290879.554751809,1,1,1
170300010502,0,2,0,0,0,0,0,57542.95408015064,1,1,0,0,0,60659.386119434785,2,2,60659.386119434785,2,2,7
170300010503,0,0,0,0,0,0,0,0,0,0,0,0,0,0,0,0,0,0,0,0
170300010504,4,0,0,5,6499.161866367027,1,1,0,0,0,0,0,0,189834.55790818474,2,2,4284628.09663454,11,11,19
170300010505,3,4,2,2,NA,1,0,0,0,0,0,0,0,16712.40027964531,3,3,958697.432259156,4,8,12
170300010506,0,0,0,1,0,0,0,0,0,0,0,0,0,NA,0,0,151056.73841545256,1,1,1
170300010507,0,2,3,0,0,0,0,0,0,0,296132.7997125035,3,3,296132.7997125035,3,3,627635.0412287137,5,6,13
170300010508,0,1,0,0,0,0,0,1108.064725078809,1,1,0,0,0,1108.064725078809,1,1,1108.064725078809,1,1,1
170300010509,0,0,0,0,0,0,0,0,0,0,0,0,0,0,0,0,0,0,0,0
170300010510,6,5,0,8,0,0,0,0,0,0,0,0,0,3126565.5343507845,5,5,4362745.974964655,9,12,19
170300010511,0,4,0,1,0,0,0,NA,2,0,0,0,0,7638.859745470099,4,4,1506068.7702490531,7,11,35
170300010601,0,0,0,0,0,0,0,0,0,0,0,0,0,0,0,0,0,0,0,0
170300010602,0,0,0,0,0,0,0,0,0,0,0,0,0,0,0,0,0,0,0,0
170300010603,0,2,0,0,0,0,0,117574.98384819191,2,2,0,0,0,117574.98384819191,2,2,117574.98384819191,2,2,2
170300010604,0,0,0,0,0,0,0,0,0,0,0,0,0,0,0,0,0,0,0,0
170300010605,8,10,8,6,0,0,0,0,0,0,0,0,0,801602.9170314239,5,5,1011671.3334905986,6,6,21
170300010701,0,0,0,0,0,0,0,0,0,0,0,0,0,0,0,0,0,0,0,0
170300010702,0,0,0,0,0,0,0,0,0,0,0,0,0,0,0,0,0,0,0,0
170300010703,0,0,0,0,0,0,0,0,0,0,0,0,0,0,0,0,0,0,0,0
170300010704,0,1,0,0,0,0,0,0,0,0,0,0,0,40971.65417672647,1,1,40971.65417672647,1,1,1
170300010705,2,0,0,0,12853.635843118002,2,2,0,0,0,0,0,0,12853.635843118002,2,2,12853.635843118002,2,2,2
170300010706,0,0,0,0,0,0,0,0,0,0,0,0,0,0,0,0,0,0,0,0
170300010707,0,0,0,0,0,0,0,0,0,0,0,0,0,0,0,0,0,0,0,0
170300010708,0,3,0,0,0,0,0,23783.38743352166,3,3,0,0,0,23783.38743352166,3,3,23783.38743352166,1,3,3
170300010709,8,7,0,1,0,0,0,0,0,0,0,0,0,48373.25474179598,1,1,48373.25474179598,1,2,8
170300020101,0,0,0,0,0,0,0,0,0,0,0,0,0,0,0,0,0,0,0,0
170300020102,1,0,0,0,52387.01329692037,1,1,0,0,0,0,0,0,52387.01329692037,1,1,52387.01329692037,1,1,1
170300020103,1,0,0,0,15235.889969833624,1,1,0,0,0,0,0,0,15235.889969833624,1,1,15235.889969833624,1,1,1
170300020104,1,1,0,0,NA,NA,NA,NA,NA,NA,NA,NA,NA,NA,NA,NA,NA,NA,NA,1
170300020105,0,0,0,0,0,0,0,0,0,0,0,0,0,0,0,0,0,0,0,0
170300020106,3,2,0,0,NA,NA,NA,NA,NA,NA,NA,NA,NA,NA,NA,NA,NA,NA,NA,3
170300020107,7,3,0,0,0,0,0,0,0,0,0,0,0,72412.15595812479,2,2,72412.15595812479,2,2,7
170300020108,1,1,0,0,NA,NA,NA,NA,NA,NA,NA,NA,NA,NA,NA,NA,NA,NA,NA,1
170300020109,1,0,0,0,0,0,0,0,0,0,0,0,0,23006.39463580676,1,1,23006.39463580676,1,1,1
170300020201,0,0,0,0,0,0,0,0,0,0,0,0,0,0,0,0,0,0,0,0
170300020202,0,0,1,0,0,0,0,0,0,0,0,0,0,NA,1,0,0,0,1,1
170300020203,0,1,0,0,0,0,0,1631.885743358651,1,1,0,0,0,1631.885743358651,1,1,1631.885743358651,1,1,1
170300020204,0,0,0,0,0,0,0,0,0,0,0,0,0,0,0,0,0,0,0,0
170300020205,0,0,0,0,0,0,0,0,0,0,0,0,0,0,0,0,0,0,0,0
170300020206,0,0,0,0,0,0,0,0,0,0,0,0,0,0,0,0,0,0,0,2
170300020207,0,0,0,0,0,0,0,0,0,0,0,0,0,0,0,0,0,0,0,3
170300020208,0,0,1,0,0,0,0,0,0,0,0,0,0,NA,1,0,79455.60496856312,2,3,4
170300020301,0,0,0,0,0,0,0,0,0,0,0,0,0,0,0,0,0,0,0,0
170300020302,0,0,0,0,0,0,0,0,0,0,0,0,0,0,0,0,0,0,0,0
170300020303,0,0,0,0,0,0,0,0,0,0,0,0,0,0,0,0,0,0,0,0
170300020304,2,1,0,0,6925.404531742556,1,1,0,0,0,0,0,0,10530.474326256102,3,3,10530.474326256102,3,3,3
170300020305,1,1,0,0,0,0,0,0,0,0,0,0,0,55403.23625394045,1,1,55403.23625394045,1,1,2
170300020306,0,0,0,0,0,0,0,0,0,0,0,0,0,0,0,0,0,0,0,0
170300020307,0,0,0,0,0,0,0,0,0,0,0,0,0,0,0,0,0,0,0,0
170300020308,0,0,1,0,0,0,0,0,0,0,0,0,0,NA,1,0,0,0,1,1
170300020309,0,0,0,0,0,0,0,0,0,0,0,0,0,0,0,0,0,0,0,1
170300020310,0,0,2,1,NA,NA,NA,NA,NA,NA,NA,NA,NA,NA,NA,NA,NA,NA,NA,3
170300020311,8,8,9,7,133174.9166366237,1,1,5544.931448623536,1,1,NA,1,0,1543485.2881346103,8,8,2131103.3089189148,11,17,46
170300020312,19,18,6,0,0,0,0,56680.61799911139,2,2,0,0,0,1786045.403976773,9,9,2674973.3997800727,11,13,40
170300030101,1,1,0,0,NA,NA,NA,NA,NA,NA,NA,NA,NA,NA,NA,NA,NA,NA,NA,1
170300030102,0,0,0,2,0,0,0,0,0,0,0,0,0,NA,0,0,293766.2457054914,2,3,6
170300030103,0,2,0,0,0,0,0,0,0,0,0,0,0,NA,1,0,19798.02403321113,1,2,6
170300030104,2,4,0,0,0,0,0,NA,1,0,0,0,0,24745.902619414486,2,2,628717.898250769,4,5,15
170300030105,7,6,0,0,0,0,0,1636.4425497413195,1,1,0,0,0,477832.1509725656,3,3,758952.2405455495,4,4,14
170300030201,0,0,0,0,0,0,0,0,0,0,0,0,0,0,0,0,0,0,0,0
170300030202,0,0,0,0,0,0,0,0,0,0,0,0,0,0,0,0,0,0,0,0
170300030203,0,2,1,0,0,0,0,0,0,0,0,0,0,24848.541616260412,1,1,24848.541616260412,1,1,3
170300030204,0,0,1,0,NA,NA,NA,NA,NA,NA,NA,NA,NA,NA,NA,NA,NA,NA,NA,1
170300030205,9,9,0,0,0,0,0,0,0,0,0,0,0,118169.42677087925,3,3,118169.42677087925,3,3,11
170300030206,5,5,2,0,0,0,0,0,0,0,0,0,0,1283372.4908922657,1,1,1283372.4908922657,1,1,10
170300030301,0,1,0,0,NA,NA,NA,NA,NA,NA,NA,NA,NA,NA,NA,NA,NA,NA,NA,1
170300030302,1,2,0,0,0,0,0,0,0,0,0,0,0,119697.81236887425,2,2,119697.81236887425,2,2,5
170300030303,1,1,0,0,0,0,0,0,0,0,0,0,0,71671.88147538032,1,1,71671.88147538032,1,1,2
170300030304,1,0,0,0,109823.06506437346,1,1,0,0,0,0,0,0,109823.06506437346,1,1,5718708.19532267,2,2,2
170300030305,0,3,3,0,0,0,0,0,0,0,0,0,0,11512.723882896764,1,1,11512.723882896764,1,2,6
170300030401,0,1,0,0,0,0,0,NA,1,0,0,0,0,NA,1,0,0,0,1,1
170300030402,0,0,0,0,0,0,0,0,0,0,0,0,0,0,0,0,0,0,0,0
170300030403,0,1,0,0,NA,NA,NA,NA,NA,NA,NA,NA,NA,NA,NA,NA,NA,NA,NA,1
170300030501,0,1,1,0,0,0,0,507944.2240119901,1,1,0,0,0,507944.2240119901,1,1,507944.2240119901,1,1,2
170300030502,0,0,0,0,0,0,0,0,0,0,0,0,0,0,0,0,0,0,0,0
170300030503,0,0,3,0,NA,NA,NA,NA,NA,NA,NA,NA,NA,NA,NA,NA,NA,NA,NA,3
170300030504,0,0,0,0,0,0,0,0,0,0,0,0,0,0,0,0,0,0,0,0
170300030505,0,0,0,0,0,0,0,0,0,0,0,0,0,0,0,0,0,0,0,0
170300030506,0,0,3,0,NA,NA,NA,NA,NA,NA,NA,NA,NA,NA,NA,NA,NA,NA,NA,3
170300030601,2,0,0,0,NA,NA,NA,NA,NA,NA,NA,NA,NA,NA,NA,NA,NA,NA,NA,2
170300030602,0,1,0,1,NA,NA,NA,NA,NA,NA,NA,NA,NA,NA,NA,NA,NA,NA,NA,2
170300030603,1,1,0,0,NA,NA,NA,NA,NA,NA,NA,NA,NA,NA,NA,NA,NA,NA,NA,2
170300030604,0,0,1,0,NA,NA,NA,NA,NA,NA,NA,NA,NA,NA,NA,NA,NA,NA,NA,2
170300030605,0,1,1,0,0,0,0,0,0,0,0,0,0,NA,1,0,0,0,2,2
170300030606,0,2,4,0,0,0,0,0,0,0,0,0,0,67967.72045630011,1,1,67967.72045630011,1,1,6
170300030607,1,6,5,0,75271.17164970077,1,1,299755.9812899826,2,2,0,0,0,1324037.2524774338,4,4,1507568.174749048,6,7,15
170300030701,0,0,0,0,0,0,0,0,0,0,0,0,0,0,0,0,0,0,0,0
170300030702,0,0,0,0,0,0,0,0,0,0,0,0,0,0,0,0,0,0,0,0
170300030703,0,0,0,0,0,0,0,0,0,0,0,0,0,0,0,0,0,0,0,0
170300030704,0,0,4,0,0,0,0,0,0,0,NA,1,0,310646.54743704584,3,3,310646.54743704584,2,3,4
170300030705,0,0,0,0,0,0,0,0,0,0,0,0,0,0,0,0,0,0,0,0
170300030706,0,2,0,0,NA,NA,NA,NA,NA,NA,NA,NA,NA,NA,NA,NA,NA,NA,NA,2
170300030801,10,6,0,0,NA,1,0,106999.065488139,1,1,0,0,0,235285.21549484791,5,5,235285.21549484791,3,5,18
170300030802,0,0,0,0,0,0,0,0,0,0,0,0,0,0,0,0,0,0,0,0
170300030803,0,1,0,0,NA,NA,NA,NA,NA,NA,NA,NA,NA,NA,NA,NA,NA,NA,NA,1
170300030804,0,0,0,0,0,0,0,0,0,0,0,0,0,0,0,0,0,0,0,0
170300030805,0,0,0,0,0,0,0,0,0,0,0,0,0,0,0,0,0,0,0,0
170300030806,0,0,0,0,0,0,0,0,0,0,0,0,0,0,0,0,0,0,0,0
170300030807,2,3,2,1,0,0,0,0,0,0,0,0,0,NA,0,0,0,0,1,8
170300030901,0,0,0,0,0,0,0,0,0,0,0,0,0,0,0,0,0,0,0,0
170300030902,0,0,0,0,0,0,0,0,0,0,0,0,0,0,0,0,0,0,0,0
170300030903,0,0,0,0,0,0,0,0,0,0,0,0,0,0,0,0,0,0,0,0
170300030904,0,0,0,0,0,0,0,0,0,0,0,0,0,0,0,0,0,0,0,0
170300030905,0,0,0,0,0,0,0,0,0,0,0,0,0,0,0,0,0,0,0,0
170300030906,0,0,0,0,0,0,0,0,0,0,0,0,0,0,0,0,0,0,0,1
170300031001,0,0,0,0,0,0,0,0,0,0,0,0,0,0,0,0,0,0,0,0
170300031002,0,4,5,0,0,0,0,377814.24416103406,2,2,0,0,0,436815.36419502785,3,3,436815.36419502785,3,3,9
170300031003,0,3,0,0,0,0,0,105889.44681795484,1,1,0,0,0,105889.44681795484,1,1,454060.0201465485,5,7,12
170300031004,0,2,0,0,0,0,0,48862.951676961224,2,2,0,0,0,48862.951676961224,2,2,48862.951676961224,2,2,3
170300031005,0,0,0,0,0,0,0,0,0,0,0,0,0,0,0,0,0,0,0,0
170300031006,0,1,0,0,0,0,0,16103.312608115455,1,1,0,0,0,16103.312608115455,1,1,16103.312608115455,1,1,1
170300031007,0,0,0,0,0,0,0,0,0,0,0,0,0,0,0,0,0,0,0,1
170300031101,0,0,0,0,0,0,0,0,0,0,0,0,0,0,0,0,0,0,0,0
170300031102,0,0,0,0,0,0,0,0,0,0,0,0,0,0,0,0,0,0,0,0
170300031103,0,0,0,0,0,0,0,0,0,0,0,0,0,0,0,0,0,0,0,0
170300031104,0,0,0,0,0,0,0,0,0,0,0,0,0,0,0,0,0,0,0,0
170300031105,0,0,0,0,0,0,0,0,0,0,0,0,0,0,0,0,0,0,0,0
170300031106,0,0,0,0,0,0,0,0,0,0,0,0,0,0,0,0,0,0,0,0
170300031107,0,1,0,0,0,0,0,NA,1,0,0,0,0,NA,1,0,0,0,1,1
170300031108,0,0,0,0,0,0,0,0,0,0,0,0,0,0,0,0,0,0,0,0
170300031109,0,0,0,0,0,0,0,0,0,0,0,0,0,0,0,0,0,0,0,0
170300031201,0,3,1,0,0,0,0,NA,3,0,NA,1,0,NA,4,0,0,0,4,4
170300031202,0,0,0,0,0,0,0,0,0,0,0,0,0,0,0,0,0,0,0,0
170300031203,0,0,0,0,0,0,0,0,0,0,0,0,0,0,0,0,0,0,0,1
170300031204,0,0,0,0,0,0,0,0,0,0,0,0,0,0,0,0,0,0,0,0
170300031205,0,0,0,0,0,0,0,0,0,0,0,0,0,0,0,0,0,0,0,1
170900010101,0,0,0,0,0,0,0,0,0,0,0,0,0,0,0,0,0,0,0,0
170900010102,0,0,0,0,0,0,0,0,0,0,0,0,0,0,0,0,0,0,0,0
170900010103,4,0,0,1,258366.76510108635,2,2,0,0,0,0,0,0,284432.74008927547,3,3,626524.987418958,4,4,5
170900010104,2,0,0,0,NA,1,0,0,0,0,0,0,0,NA,1,0,0,0,1,2
170900010105,2,0,0,0,3263.771486717302,2,2,0,0,0,0,0,0,3263.771486717302,2,2,3263.771486717302,1,2,2
170900010106,5,0,0,0,389262.2904199063,4,4,0,0,0,0,0,0,389262.2904199063,4,4,389262.2904199063,3,4,5
170900010201,1,0,0,0,6799.5239306610465,1,1,0,0,0,0,0,0,6799.5239306610465,1,1,6799.5239306610465,1,1,1
170900010202,0,0,0,0,0,0,0,0,0,0,0,0,0,0,0,0,0,0,0,0
170900010301,0,0,0,0,0,0,0,0,0,0,0,0,0,0,0,0,0,0,0,0
170900010302,0,0,0,0,0,0,0,0,0,0,0,0,0,0,0,0,0,0,0,0
170900010303,1,0,0,0,216691.73681907973,1,1,0,0,0,0,0,0,216691.73681907973,1,1,216691.73681907973,1,1,1
170900010401,0,0,0,0,0,0,0,0,0,0,0,0,0,0,0,0,0,0,0,0
170900010402,0,0,0,0,0,0,0,0,0,0,0,0,0,0,0,0,0,0,0,0
170900010403,0,0,0,0,0,0,0,0,0,0,0,0,0,0,0,0,0,0,0,0
170900010501,0,0,0,0,0,0,0,0,0,0,0,0,0,0,0,0,0,0,0,0
170900010502,3,0,0,0,40392.07198322338,3,3,0,0,0,0,0,0,40392.07198322338,3,3,40392.07198322338,3,3,3
170900010503,2,0,0,1,0,0,0,0,0,0,0,0,0,3148.7998525816643,1,1,3956.9177791923476,2,2,3
170900010504,0,0,0,0,0,0,0,0,0,0,0,0,0,0,0,0,0,0,0,0
170900010505,1,2,0,0,69254.04531742557,1,1,21044.639685949893,2,2,0,0,0,90298.68500337546,3,3,90298.68500337546,3,3,3
170900010601,0,0,0,0,0,0,0,0,0,0,0,0,0,0,0,0,0,0,0,0
170900010602,0,0,0,0,0,0,0,0,0,0,0,0,0,0,0,0,0,0,0,0
170900010603,0,1,0,0,0,0,0,8786.3860030643,1,1,0,0,0,8786.3860030643,1,1,8786.3860030643,1,1,1
170900010604,0,0,0,0,0,0,0,0,0,0,0,0,0,0,0,0,0,0,0,0
170900010605,3,0,0,0,136920.6029351328,3,3,0,0,0,0,0,0,136920.6029351328,3,3,136920.6029351328,1,3,3
170900010606,1,0,0,0,26632.491474324124,1,1,0,0,0,0,0,0,26632.491474324124,1,1,26632.491474324124,1,1,1
170900010607,0,0,0,0,0,0,0,0,0,0,0,0,0,0,0,0,0,0,0,0
170900010608,0,1,0,0,0,0,0,4709.275081584939,1,1,0,0,0,4709.275081584939,1,1,4709.275081584939,1,1,1
170900010701,1,0,0,0,9811.970543172043,1,1,0,0,0,0,0,0,9811.970543172043,1,1,9811.970543172043,1,1,1
170900010702,9,26,0,3,23785.954451912046,2,2,363174.4068237898,13,13,0,0,0,499878.8075884358,21,21,510664.02022325865,22,24,36
170900010703,5,2,0,0,0,0,0,15361.93233231134,1,1,0,0,0,97599.43905505519,3,3,97599.43905505519,3,3,7
170900010801,4,0,0,7,18951.120249098007,1,1,0,0,0,0,0,0,198278.55446479825,2,2,242827.49460598038,6,7,9
170900010802,64,0,0,66,0,0,0,0,0,0,0,0,0,209723.97168093763,1,1,329278.17378287204,6,8,69
170900010901,0,0,0,0,0,0,0,0,0,0,0,0,0,0,0,0,0,0,0,0
170900010902,0,0,0,0,0,0,0,0,0,0,0,0,0,0,0,0,0,0,0,0
170900010903,0,0,0,0,0,0,0,0,0,0,0,0,0,0,0,0,0,0,0,0
170900010904,0,0,0,3,0,0,0,0,0,0,0,0,0,NA,0,0,33997.619653305235,1,1,3
170900010905,3,0,0,0,68797.24521218069,1,1,0,0,0,0,0,0,164629.7354909175,2,2,164629.7354909175,2,2,3
170900010906,8,3,0,8,0,0,0,0,0,0,0,0,0,48777.70754370514,2,2,58772.79708841482,3,3,11
170900011001,5,0,0,1,0,0,0,0,0,0,0,0,0,4650.024063241207,1,1,19358.451160706736,2,2,6
170900011002,0,0,0,1,0,0,0,0,0,0,0,0,0,NA,0,0,11106.342388341754,1,1,1
170900011003,4,7,0,3,0,0,0,78823.40438611225,3,3,0,0,0,78823.40438611225,3,3,1802848.8069871408,8,8,10
170900020101,5,0,0,10,0,0,0,0,0,0,0,0,0,2462.191258902303,2,2,586973.2724757898,12,12,15
170900020102,9,0,0,7,1491.3844196779664,2,2,0,0,0,0,0,0,5606.761238128958,4,4,182346.7759849132,7,7,14
170900020103,27,0,0,32,492.4382517804606,1,1,0,0,0,0,0,0,4931.417349972899,4,4,214065.2635860827,12,12,40
170900020201,0,2,0,11,0,0,0,0,0,0,0,0,0,18006.051782530645,1,1,401028.2031920658,10,10,13
170900020202,1,1,0,0,49858.6834325686,1,1,14566.86091090324,1,1,0,0,0,64425.54434347184,2,2,64425.54434347184,2,2,2
170900020203,4,0,0,0,0,0,0,0,0,0,0,0,0,13814.381379025466,1,1,13814.381379025466,1,1,4
170900020204,1,2,0,3,6657.475447736581,1,1,7385.317483449224,1,1,0,0,0,14042.792931185806,2,2,118825.65958047746,5,5,5
170900020205,1,0,0,2,1246.4670858142151,1,1,0,0,0,0,0,0,1246.4670858142151,1,1,62423.123632334755,3,3,3
170900020301,11,4,0,9,26527.478916384407,3,3,0,0,0,0,0,0,33381.24581650387,5,5,808168.2659891789,12,13,18
170900020302,9,0,0,22,16951.06679023943,2,2,0,0,0,0,0,0,16951.06679023943,2,2,596731.7349196334,10,10,24
170900020303,0,3,0,3,0,0,0,0,0,0,0,0,0,NA,0,0,10665.122978883535,1,2,3
170900020304,9,0,0,12,0,0,0,0,0,0,0,0,0,NA,0,0,13967.418989435677,4,4,12
170900020305,0,1,0,1,0,0,0,179.7374580922403,1,1,0,0,0,179.7374580922403,1,1,672.1757098727008,2,2,2
170900020306,2,2,0,0,0,0,0,0,0,0,0,0,0,8325.453289271632,1,1,8325.453289271632,1,1,2
170900020401,0,2,0,4,0,0,0,0,0,0,0,0,0,10097.3427648309,1,1,113603.98386192761,3,3,6
170900020402,0,0,0,0,0,0,0,0,0,0,0,0,0,0,0,0,0,0,0,0
170900020403,0,0,0,0,0,0,0,0,0,0,0,0,0,0,0,0,0,0,0,1
170900020404,0,1,0,0,0,0,0,0,0,0,0,0,0,11600.518325410216,1,1,11600.518325410216,1,1,1
170900020405,11,28,0,2,142656.90581735285,2,2,330038.6493162551,5,5,0,0,0,1634775.3986299983,15,15,1634775.3986299983,15,15,33
170900030101,3,3,0,0,0,0,0,0,0,0,0,0,0,75315.2323534109,1,1,75315.2323534109,1,1,3
170900030102,0,1,0,2,0,0,0,0,0,0,0,0,0,30886.15750263474,1,1,57200.32415125864,2,2,3
170900030103,3,8,0,3,1150.319731790338,1,1,29041.23184303663,2,2,0,0,0,149436.20928640408,5,5,328132.25708077283,8,8,12
170900030104,1,0,0,2,1347.1548394354932,1,1,0,0,0,0,0,0,1347.1548394354932,1,1,1347.1548394354932,1,1,3
170900030105,0,7,0,2,0,0,0,476245.5754265488,2,2,0,0,0,548965.0476884642,4,4,574224.2009278797,5,5,9
170900030106,2,3,0,0,93626.5957568089,1,1,27281.7916592257,2,2,0,0,0,454574.62574143347,4,4,799125.1480658993,15,15,22
170900030107,6,14,0,7,3749.425563996832,1,1,76974.52596746817,3,3,0,0,0,92941.88685368258,6,6,629230.0633803392,9,10,16
170900030108,0,2,0,0,0,0,0,275021.6647645604,1,1,0,0,0,285962.252437904,2,2,293857.2136040905,4,4,5
170900030109,5,17,0,8,42482.46606114151,2,2,13989.762484490366,3,3,0,0,0,230207.74813148318,8,8,983390.7517068891,17,17,30
170900030110,18,18,0,14,18715.6212038241,1,1,53464.5031731797,2,2,0,0,0,229540.71398052532,8,8,740022.093646037,17,17,33
170900030201,0,1,0,23,0,0,0,0,0,0,0,0,0,18070.4147981248,1,1,312851.49160272966,11,11,24
170900030202,3,5,0,34,0,0,0,14371.312740345082,2,2,0,0,0,14371.312740345082,2,2,321218.7383550136,11,11,36
170900030203,0,1,0,9,0,0,0,NA,1,0,0,0,0,NA,1,0,276675.9200161357,4,5,10
170900030204,12,6,0,15,318819.0286274874,1,1,146357.03279790675,1,1,0,0,0,681647.8658923715,6,6,1111890.3707787218,13,13,26
170900030205,2,4,0,7,0,0,0,28857.187791420787,4,4,0,0,0,37201.60118107507,5,5,273603.647624721,12,12,15
170900030206,0,0,0,3,0,0,0,0,0,0,0,0,0,NA,0,0,647537.9223338787,3,3,3
170900030207,0,3,0,1,0,0,0,172744.18397696002,3,3,0,0,0,172744.18397696002,3,3,197280.50385604793,4,4,4
170900030208,0,0,0,0,0,0,0,0,0,0,0,0,0,0,0,0,0,0,0,5
170900030209,8,7,0,9,0,0,0,154524.70676523927,2,2,0,0,0,287397.36906803335,4,4,526888.6797203169,9,9,14
170900030210,0,1,0,2,0,0,0,0,0,0,0,0,0,8262.830311862432,1,1,18028.306581077828,2,2,3
170900030211,1,1,0,0,0,0,0,9747.245447242532,1,1,0,0,0,9747.245447242532,1,1,34884.69459371699,3,4,5
170900030301,0,1,0,5,0,0,0,0,0,0,0,0,0,2813.9328673169175,1,1,65162.23277918116,5,5,6
170900030302,0,1,0,2,0,0,0,0,0,0,0,0,0,1406.9664336584588,1,1,51081.36348976762,3,3,3
170900030303,0,0,0,8,0,0,0,0,0,0,0,0,0,NA,0,0,175296.7225672386,7,7,8
170900030304,6,3,0,4,25114.91833590139,4,4,24849.740453918115,1,1,0,0,0,77406.36137149074,7,7,1031859.3808512652,11,11,13
170900030305,3,9,0,2,0,0,0,531901.8660575465,6,6,0,0,0,956563.2083407092,10,10,1987360.5331339834,13,13,15
170900030306,0,0,0,2,0,0,0,0,0,0,0,0,0,NA,0,0,26811.963775985038,2,2,2
170900030307,0,0,0,0,0,0,0,0,0,0,0,0,0,0,0,0,0,0,0,2
170900030308,0,0,0,0,0,0,0,0,0,0,0,0,0,0,0,0,0,0,0,2
170900030401,0,0,0,0,0,0,0,0,0,0,0,0,0,0,0,0,0,0,0,0
170900030402,0,0,0,0,0,0,0,0,0,0,0,0,0,0,0,0,0,0,0,0
170900030403,0,5,0,0,0,0,0,15315.069329123611,2,2,0,0,0,94436.66450363008,4,4,112774.22517610414,3,5,6
170900030501,8,0,0,21,268838.03941113333,2,2,0,0,0,0,0,0,278397.86782675073,3,3,363422.6312545261,5,5,29
170900030502,1,12,0,19,0,0,0,0,0,0,0,0,0,323604.8622316854,3,3,595141.3236216037,8,8,24
170900030503,8,1,0,6,72778.49177794313,3,3,NA,1,0,0,0,0,74668.7594306669,5,5,771453.3251533315,10,11,15
170900030504,0,0,0,4,NA,NA,NA,NA,NA,NA,NA,NA,NA,NA,NA,NA,NA,NA,NA,4
170900030505,1,0,0,3,8322.563259503095,1,1,0,0,0,0,0,0,8322.563259503095,1,1,9514.397334031542,2,2,4
170900030506,0,0,0,7,0,0,0,0,0,0,0,0,0,NA,0,0,24750.26710760621,1,1,7
170900030507,0,2,0,8,0,0,0,NA,1,0,0,0,0,7321.808399412345,2,2,156763.54160999638,3,9,15
170900030508,1,0,0,1,2356.5800108105327,1,1,0,0,0,0,0,0,2356.5800108105327,1,1,45873.533167041234,2,5,7
170900030509,0,5,0,4,0,0,0,NA,2,0,0,0,0,22512.42140775955,3,3,190253.81126999762,4,6,9
170900030510,0,3,0,0,0,0,0,NA,3,0,0,0,0,NA,3,0,0,0,3,3
170900030511,2,5,0,0,NA,NA,NA,NA,NA,NA,NA,NA,NA,NA,NA,NA,NA,NA,NA,7
170900030512,0,12,0,5,0,0,0,30838.044548382157,1,1,0,0,0,132494.76001819968,3,3,439284.8153162104,6,6,14
170900030601,14,17,0,0,110942.39235745177,2,2,0,0,0,0,0,0,1604487.2576283098,10,10,3207681.4748035474,11,12,29
170900030602,0,1,0,0,0,0,0,NA,1,0,0,0,0,NA,1,0,185083.16481918754,2,3,3
170900030603,0,0,0,0,0,0,0,0,0,0,0,0,0,0,0,0,0,0,0,0
170900030604,2,4,0,2,0,0,0,NA,1,0,0,0,0,777393.2796589781,2,2,902797.6025006231,2,6,7
170900030605,1,0,0,0,312435.7003289337,1,1,0,0,0,0,0,0,312435.7003289337,1,1,312435.7003289337,1,1,1
170900030606,0,0,0,0,0,0,0,0,0,0,0,0,0,0,0,0,0,0,0,1
170900030607,0,0,0,2,0,0,0,0,0,0,0,0,0,NA,0,0,3594.749161844806,1,1,2
170900030608,0,4,0,0,0,0,0,NA,3,0,0,0,0,NA,4,0,0,0,4,4
170900030609,2,15,0,1,0,0,0,7610.522695905537,6,6,0,0,0,263583.3022639798,8,8,297569.98343543353,4,10,19
170900030610,0,4,0,4,0,0,0,21906.467372062205,1,1,0,0,0,21906.467372062205,1,1,549305.0029090319,4,4,5
170900030611,0,4,0,2,0,0,0,NA,1,0,0,0,0,144111.6546406064,3,3,310854.1798606081,4,6,7
170900040101,0,0,0,0,0,0,0,0,0,0,0,0,0,0,0,0,0,0,0,0
170900040102,0,0,0,0,0,0,0,0,0,0,0,0,0,0,0,0,0,0,0,0
170900040103,0,1,0,0,NA,NA,NA,NA,NA,NA,NA,NA,NA,NA,NA,NA,NA,NA,NA,1
170900040104,0,0,0,0,0,0,0,0,0,0,0,0,0,0,0,0,0,0,0,0
170900040105,0,0,0,0,0,0,0,0,0,0,0,0,0,0,0,0,0,0,0,0
170900040201,0,2,0,0,NA,NA,NA,NA,NA,NA,NA,NA,NA,NA,NA,NA,NA,NA,NA,2
170900040202,0,1,0,0,0,0,0,NA,1,0,0,0,0,NA,1,0,0,0,1,1
170900040203,0,0,0,0,0,0,0,0,0,0,0,0,0,0,0,0,0,0,0,0
170900040204,1,0,0,0,179100.08082160048,1,1,0,0,0,0,0,0,179100.08082160048,1,1,179100.08082160048,1,1,1
170900040205,0,7,0,0,0,0,0,NA,7,0,0,0,0,NA,7,0,0,0,8,8
170900040206,2,6,0,0,37496.61897155609,1,1,NA,6,0,0,0,0,38366.958034680705,8,8,38366.958034680705,2,8,8
170900040207,0,0,0,0,0,0,0,0,0,0,0,0,0,0,0,0,0,0,0,0
170900040208,0,0,0,0,0,0,0,0,0,0,0,0,0,0,0,0,0,0,0,0
170900040209,0,1,0,0,0,0,0,NA,1,0,0,0,0,NA,1,0,0,0,1,1
170900040301,0,0,0,0,0,0,0,0,0,0,0,0,0,0,0,0,0,0,0,0
170900040302,1,5,0,0,0,0,0,NA,1,0,0,0,0,NA,1,0,0,0,1,6
170900040303,1,11,0,0,22399.65678888243,1,1,NA,7,0,0,0,0,22399.65678888243,8,8,22399.65678888243,1,8,12
170900040304,1,1,0,0,0,0,0,NA,1,0,0,0,0,NA,1,0,0,0,1,2
170900040305,0,0,0,0,0,0,0,0,0,0,0,0,0,0,0,0,0,0,0,0
170900040306,0,3,0,0,NA,NA,NA,NA,NA,NA,NA,NA,NA,NA,NA,NA,NA,NA,NA,3
170900040307,0,4,0,0,0,0,0,NA,4,0,0,0,0,NA,4,0,0,0,4,4
170900040308,4,4,0,3,2686.6109820590127,1,1,0,0,0,0,0,0,2686.6109820590127,2,2,419254.9581227576,2,3,8
170900040401,0,7,0,0,0,0,0,0,0,0,0,0,0,29086.699033318735,1,1,29086.699033318735,1,1,7
170900040402,0,8,0,0,0,0,0,NA,8,0,0,0,0,NA,8,0,0,0,8,8
170900040403,0,12,0,1,0,0,0,0,0,0,0,0,0,43692.53615706139,2,2,612451.5164664485,3,3,13
170900040501,0,15,0,2,0,0,0,0,0,0,0,0,0,NA,0,0,187947.86517789387,1,2,17
170900040502,5,5,0,0,127283.10922883388,2,2,0,0,0,0,0,0,318017.78191224247,3,3,318017.78191224247,3,3,10
170900040601,4,3,0,16,0,0,0,11537.610254562303,1,1,0,0,0,12687.929986352641,2,2,256866.82406496967,12,13,19
170900040602,14,0,0,15,11928.85866025925,4,4,0,0,0,0,0,0,19634.297387705134,6,6,122092.04387401487,12,12,29
170900040603,0,1,0,7,0,0,0,0,0,0,0,0,0,NA,0,0,156872.34379126987,7,7,8
170900040604,1,4,0,5,4313.698994213768,1,1,7289.616381030504,3,3,0,0,0,11603.315375244272,4,4,204296.57041999485,9,9,10
170900040605,2,8,0,12,2288.3598625086315,1,1,30048.456154377298,2,2,0,0,0,32336.81601688593,3,3,192298.29157940936,10,10,21
170900040701,1,5,0,3,7781.912985561637,1,1,364948.50781231106,2,2,0,0,0,560678.2859757666,4,4,676624.595488268,7,7,8
170900040702,1,6,0,14,19038.66700585093,1,1,11334.125211308658,1,1,0,0,0,40901.073891059365,3,3,128205.90019342571,8,8,21
170900040703,21,1,0,25,6190.724191063175,1,1,0,0,0,0,0,0,6190.724191063175,1,1,262006.24530842743,7,7,27
170900040704,0,9,0,0,0,0,0,28372.272274191084,2,2,0,0,0,34471.95640362098,3,3,34471.95640362098,3,3,9
170900040705,0,2,0,4,0,0,0,0,0,0,0,0,0,NA,0,0,363263.0290005776,4,4,6
170900040706,5,33,0,1,67775.62009254878,2,2,41818.79200643818,2,2,0,0,0,394760.1743980181,9,9,2197244.0617751526,12,12,42
170900050101,0,0,0,0,0,0,0,0,0,0,0,0,0,0,0,0,0,0,0,0
170900050102,1,5,0,0,65483.76662115046,1,1,0,0,0,0,0,0,65483.76662115046,1,1,65483.76662115046,1,1,6
170900050103,0,0,0,0,0,0,0,0,0,0,0,0,0,0,0,0,0,0,0,0
170900050104,2,5,0,0,0,0,0,0,0,0,0,0,0,114697.77845498113,3,3,114697.77845498113,2,3,7
170900050105,0,3,0,0,NA,NA,NA,NA,NA,NA,NA,NA,NA,NA,NA,NA,NA,NA,NA,3
170900050201,1,0,0,0,19049.823017061954,1,1,0,0,0,0,0,0,19049.823017061954,1,1,19049.823017061954,1,1,1
170900050202,8,2,0,0,20521.658720734013,3,3,0,0,0,0,0,0,47294.15742861884,5,5,47294.15742861884,3,5,8
170900050203,5,1,0,0,0,0,0,5540.323625394045,1,1,0,0,0,15529.476759808227,3,3,15529.476759808227,2,3,6
170900050204,0,0,0,0,0,0,0,0,0,0,0,0,0,0,0,0,0,0,0,0
170900050205,5,0,0,0,52829.529135364006,4,4,0,0,0,0,0,0,52829.529135364006,4,4,52829.529135364006,2,4,5
170900050206,1,0,0,0,15477.981201362838,1,1,0,0,0,0,0,0,15477.981201362838,1,1,15477.981201362838,1,1,1
170900050207,0,1,0,1,0,0,0,NA,1,0,0,0,0,NA,1,0,3809.9646034123903,1,2,2
170900050208,0,1,0,0,0,0,0,3571.8418156991165,1,1,0,0,0,3571.8418156991165,1,1,3571.8418156991165,1,1,1
170900050301,4,1,0,1,0,0,0,0,0,0,0,0,0,6799.523930661046,2,2,10728.549927930073,2,3,5
170900050302,1,0,0,0,0,0,0,0,0,0,0,0,0,NA,1,0,0,0,1,1
170900050303,10,0,0,0,0,0,0,0,0,0,0,0,0,62328.640785683005,1,1,62328.640785683005,1,1,10
170900050304,0,0,0,0,0,0,0,0,0,0,0,0,0,0,0,0,0,0,0,0
170900050401,0,0,0,2,0,0,0,0,0,0,0,0,0,NA,0,0,182227.2413417161,1,1,2
170900050402,0,0,0,1,0,0,0,0,0,0,0,0,0,NA,0,0,66098.5376438187,1,1,1
170900050403,0,0,0,2,0,0,0,0,0,0,0,0,0,NA,0,0,48662.41404339657,1,1,2
170900050404,0,0,0,1,0,0,0,0,0,0,0,0,0,NA,0,0,278317.72365041997,5,5,5
170900050501,0,0,0,0,0,0,0,0,0,0,0,0,0,0,0,0,0,0,0,0
170900050502,0,0,0,0,0,0,0,0,0,0,0,0,0,0,0,0,0,0,0,0
170900050503,5,2,0,1,76384.05858251473,2,2,0,0,0,0,0,0,441819.60618754034,6,6,483104.2222503805,7,7,8
170900050504,1,4,0,0,0,0,0,0,0,0,0,0,0,15558.715555908135,2,2,15558.715555908135,2,2,5
170900050505,1,1,0,0,16813.248882218584,1,1,NA,1,0,0,0,0,16813.248882218584,2,2,16813.248882218584,1,2,2
170900050601,2,5,0,7,0,0,0,5101.002852781917,2,2,0,0,0,312604.4853970607,4,4,446478.42427967663,7,8,13
170900050602,0,0,0,0,0,0,0,0,0,0,0,0,0,0,0,0,0,0,0,1
170900050603,4,7,0,4,0,0,0,NA,1,0,0,0,0,12156.61383233379,2,2,105233.39378602864,3,4,8
170900050604,0,2,0,0,0,0,0,NA,1,0,0,0,0,NA,1,0,16380.855983033049,3,4,5
170900060101,0,0,0,0,0,0,0,0,0,0,0,0,0,0,0,0,0,0,0,0
170900060102,0,0,0,0,0,0,0,0,0,0,0,0,0,0,0,0,0,0,0,0
170900060103,0,0,0,0,0,0,0,0,0,0,0,0,0,0,0,0,0,0,0,0
170900060104,12,0,0,0,0,0,0,0,0,0,0,0,0,15043.229040363009,1,1,15043.229040363009,1,1,12
170900060201,0,0,0,0,0,0,0,0,0,0,0,0,0,0,0,0,0,0,0,0
170900060202,0,0,0,0,0,0,0,0,0,0,0,0,0,0,0,0,0,0,0,0
170900060203,1,0,0,0,60282.85744401176,1,1,0,0,0,0,0,0,60282.85744401176,1,1,60282.85744401176,1,1,1
170900060204,0,0,0,0,0,0,0,0,0,0,0,0,0,0,0,0,0,0,0,0
170900060205,0,0,0,0,0,0,0,0,0,0,0,0,0,0,0,0,0,0,0,0
170900060206,2,0,0,0,177770.56716734503,2,2,0,0,0,0,0,0,177770.56716734503,2,2,177770.56716734503,1,2,2
170900060207,2,2,0,0,0,0,0,0,0,0,0,0,0,192781.6227525698,1,1,192781.6227525698,1,1,2
170900060208,0,0,0,1,0,0,0,0,0,0,0,0,0,NA,0,0,992050.5414834465,2,2,2
170900060301,0,0,0,0,0,0,0,0,0,0,0,0,0,0,0,0,0,0,0,0
170900060302,0,0,0,0,0,0,0,0,0,0,0,0,0,0,0,0,0,0,0,0
170900060303,1,1,0,0,NA,NA,NA,NA,NA,NA,NA,NA,NA,NA,NA,NA,NA,NA,NA,1
170900060304,6,6,0,0,0,0,0,0,0,0,0,0,0,57890.86646018511,2,2,57890.86646018511,2,2,6
170900060305,0,0,0,0,0,0,0,0,0,0,0,0,0,0,0,0,0,0,0,0
170900060306,0,0,0,1,0,0,0,0,0,0,0,0,0,NA,0,0,16454.840891710835,1,1,1
170900060307,0,0,0,0,0,0,0,0,0,0,0,0,0,0,0,0,0,0,0,0
170900060401,0,0,0,0,0,0,0,0,0,0,0,0,0,0,0,0,0,0,0,0
170900060402,0,1,0,0,0,0,0,NA,1,0,0,0,0,NA,1,0,0,0,1,1
170900060501,0,0,0,0,0,0,0,0,0,0,0,0,0,0,0,0,0,0,0,0
170900060502,2,2,0,1,0,0,0,0,0,0,0,0,0,37059.418417420646,1,1,106173.391606943,2,2,3
170900060601,5,0,0,38,18353.23430099945,2,2,0,0,0,0,0,0,72912.95628297365,3,3,247157.4646871547,6,6,43
170900060602,2,2,0,51,31561.8976409974,2,2,NA,1,0,0,0,0,31561.8976409974,3,3,96422.10564244603,13,18,67
170900060603,0,1,0,3,0,0,0,NA,1,0,0,0,0,NA,1,0,69304.14766326272,1,2,4
170900060604,0,1,0,3,0,0,0,21381.503297040337,1,1,0,0,0,21381.503297040337,1,1,26344.304718401596,2,2,4
170900060701,0,0,0,0,0,0,0,0,0,0,0,0,0,0,0,0,0,0,0,0
170900060702,0,0,0,12,0,0,0,0,0,0,0,0,0,NA,0,0,0,0,1,12
170900060703,0,0,0,26,0,0,0,0,0,0,0,0,0,NA,0,0,82812.68335617948,1,1,26
170900060704,0,1,0,17,0,0,0,NA,1,0,0,0,0,NA,1,0,156185.3838693105,2,3,20
170900060705,0,0,0,0,0,0,0,0,0,0,0,0,0,0,0,0,0,0,0,4
170900060801,8,9,0,11,269335.33359184593,2,2,0,0,0,0,0,0,1532721.1133936017,6,6,2178723.380556674,9,9,17
170900060802,0,1,0,0,0,0,0,28757.99329475845,1,1,0,0,0,28757.99329475845,1,1,28757.99329475845,1,1,1
170900060803,0,0,0,0,0,0,0,0,0,0,0,0,0,0,0,0,0,0,0,0
170900060804,4,2,0,3,27372.015776942026,1,1,NA,1,0,0,0,0,149243.99863941967,3,3,547750.3267238413,3,4,6
170900060805,0,1,0,0,0,0,0,5549.2714660448855,1,1,0,0,0,5549.2714660448855,1,1,5549.2714660448855,1,1,1
170900060806,0,1,0,0,0,0,0,20594.06923888703,1,1,0,0,0,20594.06923888703,1,1,20594.06923888703,1,1,1
170900070101,0,0,0,0,0,0,0,0,0,0,0,0,0,0,0,0,0,0,0,0
170900070102,4,9,0,4,0,0,0,9393.836606128873,3,3,0,0,0,20293.77299798683,5,5,111390.78108952251,6,7,11
170900070103,1,4,0,28,10923.709649758604,1,1,212359.5231506457,4,4,0,0,0,223283.2328004043,5,5,506606.12325909495,5,8,33
170900070104,0,0,0,0,0,0,0,0,0,0,0,0,0,0,0,0,0,0,0,8
170900070105,0,0,0,0,0,0,0,0,0,0,0,0,0,0,0,0,0,0,0,0
170900070106,1,4,0,0,0,0,0,NA,2,0,0,0,0,444747.54401414684,4,4,444747.54401414684,2,4,4
170900070107,0,2,0,0,0,0,0,71894.98323689612,1,1,0,0,0,91237.12600641,2,2,97130.9202644658,3,3,3
170900070201,0,7,0,0,0,0,0,NA,1,0,0,0,0,9519.333502925463,2,2,676038.9382692735,4,5,11
170900070202,0,1,0,0,0,0,0,NA,1,0,0,0,0,NA,1,0,0,0,1,1
170900070203,2,1,0,0,0,0,0,0,0,0,0,0,0,68240.589902428,2,2,75473.7825560809,4,4,5
170900070204,0,0,0,0,0,0,0,0,0,0,0,0,0,0,0,0,0,0,0,0
170900070301,2,1,0,0,38396.155884062435,2,2,0,0,0,0,0,0,69714.9068425044,3,3,69714.9068425044,3,3,3
170900070302,2,5,0,0,0,0,0,0,0,0,0,0,0,9174.47385370342,2,2,9174.47385370342,1,2,5
170900070303,0,8,0,0,0,0,0,26568.748160743377,7,7,0,0,0,26568.748160743377,8,8,31866.23728586242,4,10,10
170900070304,5,5,0,2,0,0,0,0,0,0,0,0,0,360919.14000920113,2,2,497709.84508141,3,4,7
170900070305,0,0,0,0,0,0,0,0,0,0,0,0,0,0,0,0,0,0,0,0
170900070306,0,2,0,2,0,0,0,0,0,0,0,0,0,NA,0,0,14808.406314418746,1,1,2
170900070307,1,2,0,0,34787.69204384921,1,1,16259.759954698722,1,1,0,0,0,51047.45199854793,2,2,61985.50446473385,3,3,3
170900070401,0,0,0,3,0,0,0,0,0,0,0,0,0,NA,0,0,300687.2196414389,4,4,4
170900070402,0,0,0,0,0,0,0,0,0,0,0,0,0,0,0,0,0,0,0,0
170900070403,0,3,0,0,0,0,0,0,0,0,0,0,0,39991.08208007273,2,2,59471.718141416626,3,3,4
170900070404,0,1,0,12,0,0,0,0,0,0,0,0,0,7738.315385121524,1,1,2324934.350371392,9,10,13
170900070405,0,0,0,0,0,0,0,0,0,0,0,0,0,0,0,0,0,0,0,0
170900080101,2,1,0,4,134352.8479158056,1,1,21568.49497106884,1,1,0,0,0,155921.34288687445,2,2,349832.6697756661,3,3,7
170900080102,0,0,0,6,0,0,0,0,0,0,0,0,0,NA,0,0,86675.13333920896,2,3,6
170900080103,0,0,0,1,0,0,0,0,0,0,0,0,0,NA,0,0,22121.030346709224,1,2,2
170900080201,2,0,0,2,34465.208411379914,2,2,0,0,0,0,0,0,34465.208411379914,2,2,54082.896760915595,4,4,4
170900080202,1,1,0,5,0,0,0,23305.65319736237,1,1,0,0,0,190666.9667228953,2,2,494954.4755092299,5,7,7
170900080203,0,0,0,2,0,0,0,0,0,0,0,0,0,NA,0,0,174187.11351853504,2,2,2
170900080204,3,0,0,9,23155.813114170727,2,2,0,0,0,0,0,0,23155.813114170727,3,3,264678.77049058053,6,7,12
170900080205,1,8,0,1,NA,1,0,638060.5463179683,2,2,0,0,0,656043.9272097807,4,4,759835.9211363703,5,6,11
170900080301,0,0,0,5,0,0,0,0,0,0,0,0,0,NA,0,0,111472.63498305362,2,2,5
170900080302,1,3,0,1,11653.191835473992,1,1,94209.54467975587,2,2,0,0,0,113572.09683996567,4,4,170586.23890468062,5,5,5
170900080401,0,2,0,1,0,0,0,0,0,0,0,0,0,8819.572151510507,1,1,28230.64914235186,3,3,4
170900080402,0,0,0,0,0,0,0,0,0,0,0,0,0,0,0,0,0,0,0,0
170900080403,0,0,0,0,0,0,0,0,0,0,0,0,0,0,0,0,0,0,0,0
170900080404,0,3,0,0,0,0,0,24423.67228642763,1,1,0,0,0,33120.26339374311,2,2,33120.26339374311,2,2,3
170900080405,0,2,0,0,0,0,0,NA,2,0,0,0,0,NA,2,0,0,0,3,3
170900080406,0,3,0,0,0,0,0,10789.48457317295,3,3,0,0,0,10789.48457317295,3,3,28192.83736736467,2,4,4
170900080501,1,1,0,0,16285.65160282171,1,1,NA,1,0,0,0,0,16285.65160282171,2,2,16285.65160282171,1,2,2
170900080502,0,0,0,0,0,0,0,0,0,0,0,0,0,0,0,0,0,0,0,1
170900080503,0,1,0,0,0,0,0,7986.114618811676,1,1,0,0,0,7986.114618811676,1,1,7986.114618811676,1,1,1
170900080504,0,0,0,0,0,0,0,0,0,0,0,0,0,0,0,0,0,0,0,3
170900080601,2,0,0,0,0,0,0,0,0,0,0,0,0,3138.8702104396757,1,1,3138.8702104396757,1,1,2
170900080602,0,3,0,21,0,0,0,NA,3,0,0,0,0,NA,3,0,148310.46876116874,2,5,24
170900080603,0,2,0,1,0,0,0,1064.80544754152,2,2,0,0,0,1064.80544754152,2,2,41737.391111740246,2,3,3
170900080604,0,4,0,2,0,0,0,NA,1,0,0,0,0,14493.865210597089,2,2,78199.13931288086,2,3,4
170900080605,0,1,0,0,0,0,0,0,0,0,0,0,0,30443.211701831297,1,1,38809.34594611665,2,2,2
170900080606,2,2,0,3,16093.73278638246,1,1,0,0,0,0,0,0,28721.87693605276,2,2,234269.75289658294,4,4,5
170900080607,0,0,0,3,0,0,0,0,0,0,0,0,0,NA,0,0,99725.8252570928,2,2,3
170900080608,0,0,0,1,0,0,0,0,0,0,0,0,0,NA,0,0,0,0,2,3
170900080701,1,6,0,0,29399.970597727155,1,1,15221.815201902458,2,2,0,0,0,157890.77475923093,6,6,157890.77475923093,5,6,7
170900080702,0,12,0,0,0,0,0,NA,2,0,0,0,0,NA,12,0,0,0,12,12
170900080703,0,0,0,0,0,0,0,0,0,0,0,0,0,0,0,0,0,0,0,5
170900090101,0,6,0,0,0,0,0,NA,3,0,0,0,0,23991.207537445058,5,5,23991.207537445058,2,5,6
170900090102,0,4,0,0,0,0,0,NA,1,0,0,0,0,10912.819336303452,2,2,10912.819336303452,1,2,4
170900090103,0,0,0,0,0,0,0,0,0,0,0,0,0,0,0,0,0,0,0,0
170900090104,0,5,0,0,0,0,0,5995.506682766374,1,1,0,0,0,20868.351950701588,3,3,20868.351950701588,2,3,5
170900090105,0,0,0,2,0,0,0,0,0,0,0,0,0,NA,0,0,20459.727460271744,2,2,2
170900090106,0,0,0,0,0,0,0,0,0,0,0,0,0,0,0,0,0,0,0,0
170900090107,0,3,0,0,0,0,0,NA,3,0,0,0,0,NA,3,0,0,0,3,3
170900090108,0,2,0,0,0,0,0,0,0,0,0,0,0,18952.810789941057,1,1,18952.810789941057,1,2,3
170900090109,0,4,0,0,0,0,0,NA,3,0,0,0,0,7925.043731178092,4,4,42375.385496021285,2,6,6
170900090110,0,0,0,0,0,0,0,0,0,0,0,0,0,0,0,0,0,0,0,0
170900090201,2,0,0,4,7274.56522726498,2,2,0,0,0,0,0,0,7274.56522726498,2,2,188436.2223731185,4,5,7
170900090202,0,0,0,0,0,0,0,0,0,0,0,0,0,0,0,0,0,0,0,0
170900090203,0,0,0,0,0,0,0,0,0,0,0,0,0,0,0,0,0,0,0,0
170900090204,0,0,0,0,0,0,0,0,0,0,0,0,0,0,0,0,0,0,0,0
170900090301,0,0,0,0,0,0,0,0,0,0,0,0,0,0,0,0,0,0,0,0
170900090302,0,0,0,2,0,0,0,0,0,0,0,0,0,NA,0,0,467226.5670858016,1,1,2
170900090303,0,0,0,2,0,0,0,0,0,0,0,0,0,NA,0,0,231622.9701461148,2,2,2
170900090304,0,3,0,0,0,0,0,0,0,0,0,0,0,8503.484627684706,1,1,8503.484627684706,1,1,3
170900090401,1,0,0,0,NA,NA,NA,NA,NA,NA,NA,NA,NA,NA,NA,NA,NA,NA,NA,1
170900090402,2,0,0,0,NA,1,0,0,0,0,0,0,0,NA,1,0,0,0,1,2
170900090403,0,0,0,3,0,0,0,0,0,0,0,0,0,NA,0,0,214746.00267130314,2,2,3
170900090404,2,0,0,14,0,0,0,0,0,0,0,0,0,26173.338406686096,1,1,26173.338406686096,1,1,16
170900090405,0,0,0,0,0,0,0,0,0,0,0,0,0,0,0,0,0,0,0,0
170900090406,0,0,0,20,0,0,0,0,0,0,0,0,0,NA,0,0,74231.04879896049,2,2,20
170900090407,0,0,0,0,0,0,0,0,0,0,0,0,0,0,0,0,0,0,0,0
170900090408,0,0,0,4,0,0,0,0,0,0,0,0,0,NA,0,0,287874.5867472324,4,4,5
170900090501,0,0,0,0,0,0,0,0,0,0,0,0,0,0,0,0,0,0,0,0
170900090502,0,2,0,0,0,0,0,0,0,0,0,0,0,14539.051449164244,1,1,14539.051449164244,1,1,2
170900090601,3,3,0,4,0,0,0,0,0,0,0,0,0,9687.988700606658,2,2,55896.7572473079,6,6,8
170900090602,0,0,0,2,0,0,0,0,0,0,0,0,0,NA,0,0,6151.50858407763,1,2,2
170900090603,0,0,0,3,0,0,0,0,0,0,0,0,0,NA,0,0,94054.77449792463,2,2,3
170900090604,0,0,0,7,0,0,0,0,0,0,0,0,0,NA,0,0,34221.53445784155,5,5,7
170900090605,0,0,0,2,0,0,0,0,0,0,0,0,0,NA,0,0,349758.0193753564,2,2,2
170900090606,0,0,0,7,0,0,0,0,0,0,0,0,0,NA,0,0,361185.3542374768,5,5,7
170900090607,3,4,0,4,0,0,0,28644.968469280073,1,1,0,0,0,142463.15794365577,3,3,533406.1597311692,7,7,9
170900100101,0,4,0,0,0,0,0,89.33429604030479,4,4,0,0,0,89.33429604030479,4,4,89.33429604030479,1,4,4
170900100102,0,1,0,1,0,0,0,5601.853954853157,1,1,0,0,0,5601.853954853157,1,1,41053.87080958106,2,2,2
170900100103,3,0,0,3,0,0,0,0,0,0,0,0,0,NA,0,0,62595.17081668835,2,2,4
170900100201,1,0,0,0,NA,1,0,0,0,0,0,0,0,NA,1,0,0,0,1,1
170900100202,0,0,0,0,0,0,0,0,0,0,0,0,0,0,0,0,0,0,0,3
170900100203,0,0,0,0,0,0,0,0,0,0,0,0,0,0,0,0,0,0,0,1
170900100204,0,0,0,0,0,0,0,0,0,0,0,0,0,0,0,0,0,0,0,4
170900100205,0,3,0,1,0,0,0,0,0,0,0,0,0,12614.901548842205,1,1,311914.66847229924,3,3,5
170900100206,0,2,0,0,0,0,0,61986.52580181492,2,2,0,0,0,61986.52580181492,2,2,65668.21644934996,3,3,3
170900100301,1,1,0,6,0,0,0,0,0,0,0,0,0,NA,0,0,219131.8865681184,2,2,6
170900100302,1,2,0,1,0,0,0,0,0,0,0,0,0,131765.20249961666,1,1,131765.20249961666,1,2,3
170900100303,0,0,0,0,0,0,0,0,0,0,0,0,0,0,0,0,0,0,0,0
170900100304,1,0,0,8,0,0,0,0,0,0,0,0,0,22615.21659337864,1,1,108329.61507723133,9,9,9
170900100305,0,1,0,0,0,0,0,NA,1,0,0,0,0,NA,1,0,0,0,1,2
170900100306,0,1,0,0,0,0,0,NA,1,0,0,0,0,NA,1,0,0,0,1,1
170900100307,0,0,0,0,0,0,0,0,0,0,0,0,0,0,0,0,0,0,0,0
170900100308,0,2,0,1,0,0,0,NA,1,0,0,0,0,NA,1,0,982660.6308818962,1,2,2
170900100401,3,7,0,0,0,0,0,16420.825026836377,1,1,0,0,0,1095729.6543328483,3,3,1095729.6543328483,3,3,7
170900100402,0,4,0,0,0,0,0,0,0,0,0,0,0,22829.198488538048,2,2,22829.198488538048,2,2,4
170900100403,0,0,0,0,0,0,0,0,0,0,0,0,0,0,0,0,0,0,0,0
170900100404,0,1,0,0,0,0,0,NA,1,0,0,0,0,NA,1,0,175115.28829823347,1,2,6
170900100405,0,6,0,0,0,0,0,23376.24372735979,3,3,0,0,0,77074.16197914224,4,4,77475.9283490631,3,5,7
170900100406,0,1,0,0,0,0,0,NA,1,0,0,0,0,NA,1,0,0,0,1,1
170900100501,0,6,0,2,0,0,0,0,0,0,0,0,0,55102.90970302395,4,4,80500.12791936105,5,5,6
170900100502,0,11,0,0,0,0,0,40330.34082195983,2,2,0,0,0,188461.03754481254,8,8,188461.03754481254,7,8,11
170900100503,0,19,0,0,0,0,0,106106.10041758236,2,2,0,0,0,750589.3980614987,9,9,1612716.949939923,13,14,28
170900100504,1,2,0,0,51726.9230946174,1,1,31225.246966731906,1,1,0,0,0,82952.1700613493,2,2,82952.1700613493,2,2,2
170900110101,0,0,0,0,0,0,0,0,0,0,0,0,0,0,0,0,0,0,0,0
170900110102,0,0,0,0,0,0,0,0,0,0,0,0,0,0,0,0,0,0,0,0
170900110103,0,2,0,0,0,0,0,0,0,0,0,0,0,2583.819093651198,1,1,2583.819093651198,1,1,2
170900110104,0,1,0,0,0,0,0,NA,1,0,0,0,0,NA,1,0,0,0,1,1
170900110105,2,0,0,0,0,0,0,0,0,0,0,0,0,5575.609623142058,1,1,5575.609623142058,1,1,2
170900110106,0,0,0,0,0,0,0,0,0,0,0,0,0,0,0,0,0,0,0,0
170900110107,0,0,0,0,0,0,0,0,0,0,0,0,0,0,0,0,0,0,0,0
170900110201,0,0,0,1,0,0,0,0,0,0,0,0,0,NA,0,0,0,0,1,1
170900110202,0,0,0,0,0,0,0,0,0,0,0,0,0,0,0,0,0,0,0,0
170900110203,0,0,0,1,0,0,0,0,0,0,0,0,0,NA,0,0,228670.70959770327,1,1,1
170900110204,0,0,0,1,0,0,0,0,0,0,0,0,0,NA,0,0,0,0,1,1
170900110205,6,1,0,0,45034.04484227707,3,3,NA,1,0,0,0,0,50331.08517351461,6,6,50331.08517351461,3,6,7
170900110301,0,0,0,0,0,0,0,0,0,0,0,0,0,0,0,0,0,0,0,0
170900110302,0,0,0,0,0,0,0,0,0,0,0,0,0,0,0,0,0,0,0,0
170900110303,0,0,0,0,0,0,0,0,0,0,0,0,0,0,0,0,0,0,0,0
170900110304,0,0,0,0,0,0,0,0,0,0,0,0,0,0,0,0,0,0,0,0
170900110305,0,4,0,0,0,0,0,0,0,0,0,0,0,12977.748811531976,1,1,12977.748811531976,1,1,4
170900110306,0,0,0,2,0,0,0,0,0,0,0,0,0,NA,0,0,25565.020265133855,2,2,2
170900110401,3,7,0,5,53291.84905846884,2,2,4259.123787021672,1,1,0,0,0,78848.59707979346,5,5,304672.2673825548,8,10,15
170900110402,0,0,0,0,0,0,0,0,0,0,0,0,0,0,0,0,0,0,0,0
170900110403,1,4,0,0,NA,1,0,0,0,0,0,0,0,2251.2421407759552,2,2,2251.2421407759552,1,2,5
170900110404,1,0,0,2,0,0,0,0,0,0,0,0,0,NA,0,0,192017.92128981315,1,1,2
170900110405,1,3,0,0,0,0,0,0,0,0,0,0,0,2189.446705672857,2,2,2189.446705672857,1,2,3
170900110406,0,0,0,0,0,0,0,0,0,0,0,0,0,0,0,0,0,0,0,1
170900110501,0,0,0,0,0,0,0,0,0,0,0,0,0,0,0,0,0,0,0,0
170900110502,4,0,0,1,153843.74658621344,2,2,0,0,0,0,0,0,243412.31186341718,3,3,465565.481113781,4,4,5
170900110503,0,1,0,2,0,0,0,0,0,0,0,0,0,NA,0,0,334194.9202968717,2,2,2
170900110601,1,2,0,20,0,0,0,NA,1,0,0,0,0,NA,1,0,281519.6065987227,3,4,22
170900110602,8,11,0,9,0,0,0,23860.743748413803,1,1,0,0,0,76915.51299905987,6,6,384231.2440733989,11,12,20
170900110603,0,1,0,1,0,0,0,0,0,0,0,0,0,NA,0,0,25364.550085976953,1,1,2
170900110604,0,0,0,2,0,0,0,0,0,0,0,0,0,NA,0,0,681417.1903413056,2,2,2
170900110605,0,0,0,5,0,0,0,0,0,0,0,0,0,NA,0,0,301462.8778114736,5,5,5
170900110606,4,8,0,4,0,0,0,0,0,0,0,0,0,724993.1300590158,3,3,924752.7365585942,6,6,10
170900110607,4,15,0,3,48216.11836028393,2,2,309031.3290335668,2,2,0,0,0,2101381.536714976,10,10,3619257.1586505496,13,13,21
170900120101,8,14,0,9,0,0,0,163309.60586183087,1,1,0,0,0,1300466.2906633562,5,5,7609754.724398824,10,10,19
170900120102,9,12,0,9,86969.48200310614,3,3,0,0,0,0,0,0,150701.4859086778,8,8,1423312.9865059499,13,15,17
170900120103,14,27,0,12,568409.9109108949,3,3,120730.7608478601,2,2,0,0,0,1377009.6826529722,11,11,11253859.285467315,16,16,32
170900120104,5,9,0,0,343701.3467474001,2,2,322850.5203691884,2,2,0,0,0,2701082.5998461437,9,9,2701082.5998461437,9,9,11
170900120201,4,12,0,1,61150.77022685712,2,2,19194.050039286638,7,7,0,0,0,433277.73465236905,13,13,1422915.4104284323,16,20,22
170900120202,4,6,0,0,229462.12582753884,1,1,56983.6135680841,1,1,0,0,0,401945.99462129595,5,5,1084426.1895870809,5,6,12
170900120301,0,1,0,0,0,0,0,0,0,0,0,0,0,6925.44242925714,1,1,6925.44242925714,1,1,1
170900120302,0,0,0,0,0,0,0,0,0,0,0,0,0,0,0,0,0,0,0,0
170900120303,0,0,0,1,0,0,0,0,0,0,0,0,0,NA,0,0,0,0,1,1
170900120304,10,38,4,0,0,0,0,0,0,0,120004.88504738024,2,2,2625223.7505793986,11,11,2890049.552884125,13,15,63
170900120305,0,0,0,0,0,0,0,0,0,0,0,0,0,0,0,0,0,0,0,0
170900120401,3,3,0,8,22811.301771059312,2,2,0,0,0,0,0,0,27125.00076527308,3,3,320438.5396937574,8,9,14
170900120402,5,6,0,26,0,0,0,270015.9324645043,1,1,0,0,0,302767.20212949615,4,4,1219195.779365763,24,25,32
170900120403,1,5,0,13,4431.944266024146,1,1,28110.61497735537,2,2,0,0,0,123769.6412777678,5,5,857316.7221948233,19,19,20
170900120404,5,8,0,13,2084.9545138699877,1,1,9982.426846806766,2,2,0,0,0,44477.643302125136,4,4,372352.34723813296,14,15,20
170900120405,1,28,0,6,61043.15446711903,1,1,185450.50539516413,3,3,0,0,0,903803.1300093959,10,10,3898720.711212541,18,18,50
170900120500,0,0,0,0,0,0,0,0,0,0,0,0,0,0,0,0,0,0,0,0
171100010101,0,0,0,0,0,0,0,0,0,0,0,0,0,0,0,0,0,0,0,0
171100010102,0,0,0,0,0,0,0,0,0,0,0,0,0,0,0,0,0,0,0,0
171100010103,0,0,0,0,0,0,0,0,0,0,0,0,0,0,0,0,0,0,0,0
171100010201,0,0,0,0,0,0,0,0,0,0,0,0,0,0,0,0,0,0,0,0
171100010202,0,0,0,0,0,0,0,0,0,0,0,0,0,0,0,0,0,0,0,0
171100010203,0,0,0,0,0,0,0,0,0,0,0,0,0,0,0,0,0,0,0,0
171100010204,0,0,0,0,0,0,0,0,0,0,0,0,0,0,0,0,0,0,0,0
171100010205,0,0,0,0,0,0,0,0,0,0,0,0,0,0,0,0,0,0,0,0
171100010206,0,0,0,0,0,0,0,0,0,0,0,0,0,0,0,0,0,0,0,0
171100010207,0,0,0,0,0,0,0,0,0,0,0,0,0,0,0,0,0,0,0,0
171100010301,1,2,1,1,0,0,0,NA,1,0,0,0,0,NA,2,0,0,0,3,4
171100010302,1,1,0,1,0,0,0,0,0,0,0,0,0,NA,0,0,0,0,1,2
171100020101,0,0,1,0,0,0,0,0,0,0,0,0,0,NA,1,0,0,0,1,1
171100020201,0,0,0,0,0,0,0,0,0,0,0,0,0,0,0,0,0,0,0,0
171100020202,0,1,1,3,0,0,0,NA,1,0,0,0,0,42666.56834742058,2,2,141306.09243864892,3,5,5
171100020203,0,1,0,0,0,0,0,NA,1,0,0,0,0,NA,1,0,0,0,1,1
171100020301,6,8,2,12,0,0,0,0,0,0,0,0,0,197950.07250365944,5,5,265433.0206388426,6,8,23
171100020302,1,3,1,9,0,0,0,6602.293605170066,1,1,0,0,0,12857.470313378919,2,2,270579.45630382904,4,5,13
171100020303,1,8,6,10,0,0,0,8278.041962524532,1,1,0,0,0,265750.28277428687,3,3,880677.3357426907,6,8,24
171100020304,4,4,2,5,71388.20174801032,1,1,152158.0629669157,1,1,0,0,0,277442.8707260364,5,5,548670.011728842,6,8,11
171100020401,0,4,0,3,0,0,0,0,0,0,0,0,0,NA,1,0,1048853.4404963152,1,3,7
171100020402,0,0,0,3,0,0,0,0,0,0,0,0,0,NA,0,0,173551.54333305938,1,2,3
171100020403,0,0,0,0,0,0,0,0,0,0,0,0,0,0,0,0,0,0,0,0
171100020501,0,0,0,0,0,0,0,0,0,0,0,0,0,0,0,0,0,0,0,0
171100020502,0,0,2,0,0,0,0,0,0,0,NA,1,0,NA,2,0,0,0,2,2
171100020600,0,0,4,2,0,0,0,0,0,0,NA,3,0,NA,4,0,0,0,5,6
171100030100,0,0,2,4,0,0,0,0,0,0,NA,2,0,NA,2,0,1159325.2407327062,3,8,9
171100030200,0,0,1,0,0,0,0,0,0,0,400462.9759390105,1,1,400462.9759390105,1,1,624324.251973212,2,2,2
171100030300,1,0,4,0,171626.98968814735,1,1,0,0,0,NA,1,0,171626.98968814735,4,4,334361.52053808304,2,5,6
171100030500,1,2,1,1,0,0,0,0,0,0,NA,1,0,238805.72943105176,2,2,4938915.35788182,8,17,18
171100040101,0,0,0,0,0,0,0,0,0,0,0,0,0,0,0,0,0,0,0,0
171100040102,0,0,0,0,0,0,0,0,0,0,0,0,0,0,0,0,0,0,0,0
171100040103,0,0,0,0,0,0,0,0,0,0,0,0,0,0,0,0,0,0,0,0
171100040104,0,0,0,1,0,0,0,0,0,0,0,0,0,NA,0,0,76389.93155140459,1,1,1
171100040105,3,3,1,3,0,0,0,0,0,0,0,0,0,645573.2848450107,1,1,2466992.502323843,3,5,5
171100040106,2,2,0,0,371675.76140433026,2,2,NA,2,0,0,0,0,371675.76140433026,4,4,371675.76140433026,2,4,4
171100040201,15,7,6,0,0,0,0,197313.6622072948,3,3,NA,1,0,1593023.519009688,15,15,1593023.519009688,4,15,25
171100040202,2,7,0,0,206908.64321434536,2,2,NA,3,0,0,0,0,469672.3419577214,8,8,469672.3419577214,5,8,8
171100040203,3,6,2,0,916041.4831120012,1,1,35899.912011647066,5,5,0,0,0,3000463.801647413,8,8,3000463.801647413,4,8,10
171100040301,0,0,0,1,0,0,0,0,0,0,0,0,0,NA,0,0,0,0,1,1
171100040302,0,0,2,0,0,0,0,0,0,0,0,0,0,NA,1,0,0,0,1,2
171100040303,0,0,0,0,0,0,0,0,0,0,0,0,0,0,0,0,0,0,0,0
171100040304,3,2,0,1,145939.9188383229,1,1,512846.1573494184,2,2,0,0,0,658786.0761877412,5,5,1206676.1890136274,3,6,6
171100040401,0,0,0,0,0,0,0,0,0,0,0,0,0,0,0,0,0,0,0,0
171100040402,0,0,0,0,0,0,0,0,0,0,0,0,0,0,0,0,0,0,0,0
171100040403,14,4,4,0,562791.896238703,1,1,NA,1,0,1425762.2015112722,1,1,4385718.448561743,12,12,4519418.923370658,9,14,22
171100040404,0,0,1,0,NA,NA,NA,NA,NA,NA,NA,NA,NA,NA,NA,NA,NA,NA,NA,1
171100040405,8,4,11,1,126878.76070318549,2,2,NA,3,0,0,0,0,2297927.9914505053,12,12,2588981.818010849,4,13,23
171100040406,24,35,4,5,392774.19027904747,6,6,NA,25,0,0,0,0,1959166.5829876065,49,49,3460561.8199017607,9,54,63
171100040501,0,6,0,5,0,0,0,NA,5,0,0,0,0,NA,5,0,854134.6948597236,2,10,11
171100040502,0,2,0,0,0,0,0,NA,2,0,0,0,0,NA,2,0,0,0,2,2
171100040503,8,28,0,2,1307775.3000855376,2,2,56407.41991104312,20,20,0,0,0,1520290.8262523047,27,27,1520290.8262523047,6,28,32
171100040504,7,24,0,0,147032.76095658285,2,2,NA,18,0,0,0,0,247748.7288939722,23,23,247748.7288939722,4,23,26
171100040505,3,7,5,0,NA,1,0,23057.441847983668,4,4,0,0,0,659788.3564457907,7,7,659788.3564457907,3,7,12
171100040506,3,7,12,1,NA,1,0,NA,3,0,0,0,0,1920711.333248637,8,8,4570126.326504018,5,9,20
171100040601,1,7,0,5,0,0,0,NA,4,0,0,0,0,51021.01399009036,5,5,785857.6519322762,6,11,11
171100040602,0,3,0,0,0,0,0,NA,1,0,0,0,0,NA,3,0,0,0,3,3
171100040603,0,19,0,0,0,0,0,NA,13,0,0,0,0,260949.2427560595,19,19,260949.2427560595,1,19,19
171100040604,0,3,1,1,0,0,0,NA,2,0,0,0,0,NA,4,0,0,0,5,5
171100040605,0,0,0,0,0,0,0,0,0,0,0,0,0,0,0,0,0,0,0,0
171100040700,1,7,0,0,35174.160841461475,1,1,1503524.9862538534,7,7,0,0,0,1538699.147095315,8,8,1641324.1155300434,9,9,9
171100050101,0,0,0,0,0,0,0,0,0,0,0,0,0,0,0,0,0,0,0,0
171100050102,0,0,0,0,0,0,0,0,0,0,0,0,0,0,0,0,0,0,0,0
171100050103,0,0,0,0,0,0,0,0,0,0,0,0,0,0,0,0,0,0,0,0
171100050104,0,0,0,0,0,0,0,0,0,0,0,0,0,0,0,0,0,0,0,0
171100050201,0,0,0,0,0,0,0,0,0,0,0,0,0,0,0,0,0,0,0,0
171100050202,0,0,0,0,0,0,0,0,0,0,0,0,0,0,0,0,0,0,0,0
171100050203,0,0,0,0,0,0,0,0,0,0,0,0,0,0,0,0,0,0,0,0
171100050204,0,0,0,0,0,0,0,0,0,0,0,0,0,0,0,0,0,0,0,0
171100050205,0,0,0,0,0,0,0,0,0,0,0,0,0,0,0,0,0,0,0,0
171100050301,0,1,0,0,0,0,0,0,0,0,0,0,0,NA,1,0,0,0,1,1
171100050302,0,0,0,0,0,0,0,0,0,0,0,0,0,0,0,0,0,0,0,0
171100050303,0,0,0,0,0,0,0,0,0,0,0,0,0,0,0,0,0,0,0,0
171100050304,0,0,0,0,0,0,0,0,0,0,0,0,0,0,0,0,0,0,0,0
171100050305,0,0,0,0,0,0,0,0,0,0,0,0,0,0,0,0,0,0,0,0
171100050306,0,0,0,0,0,0,0,0,0,0,0,0,0,0,0,0,0,0,0,0
171100050307,0,0,0,0,0,0,0,0,0,0,0,0,0,0,0,0,0,0,0,0
171100050401,0,0,0,0,0,0,0,0,0,0,0,0,0,0,0,0,0,0,0,0
171100050402,0,0,0,0,0,0,0,0,0,0,0,0,0,0,0,0,0,0,0,0
171100050403,0,0,0,0,0,0,0,0,0,0,0,0,0,0,0,0,0,0,0,0
171100050404,0,0,0,0,0,0,0,0,0,0,0,0,0,0,0,0,0,0,0,0
171100050405,0,0,0,0,0,0,0,0,0,0,0,0,0,0,0,0,0,0,0,0
171100050406,0,0,0,0,0,0,0,0,0,0,0,0,0,0,0,0,0,0,0,0
171100050407,0,0,0,0,0,0,0,0,0,0,0,0,0,0,0,0,0,0,0,0
171100050408,0,0,0,0,0,0,0,0,0,0,0,0,0,0,0,0,0,0,0,0
171100050501,0,0,0,0,0,0,0,0,0,0,0,0,0,0,0,0,0,0,0,0
171100050502,0,0,0,0,0,0,0,0,0,0,0,0,0,0,0,0,0,0,0,0
171100050503,0,1,0,1,NA,NA,NA,NA,NA,NA,NA,NA,NA,NA,NA,NA,NA,NA,NA,1
171100050504,0,1,1,0,NA,NA,NA,NA,NA,NA,NA,NA,NA,NA,NA,NA,NA,NA,NA,1
171100050505,1,7,3,0,0,0,0,NA,2,0,0,0,0,NA,3,0,0,0,3,7
171100050601,0,0,0,0,0,0,0,0,0,0,0,0,0,0,0,0,0,0,0,0
171100050602,0,0,0,0,0,0,0,0,0,0,0,0,0,0,0,0,0,0,0,0
171100050603,0,0,0,0,0,0,0,0,0,0,0,0,0,0,0,0,0,0,0,0
171100050604,0,0,0,0,0,0,0,0,0,0,0,0,0,0,0,0,0,0,0,0
171100050605,1,2,1,1,0,0,0,NA,1,0,0,0,0,NA,1,0,0,0,2,4
171100050701,0,0,0,0,0,0,0,0,0,0,0,0,0,0,0,0,0,0,0,0
171100050702,0,0,0,0,0,0,0,0,0,0,0,0,0,0,0,0,0,0,0,0
171100050703,0,1,0,2,0,0,0,0,0,0,0,0,0,NA,0,0,605386.8211163933,1,1,2
171100050704,3,6,0,1,599007.9730619098,2,2,NA,1,0,0,0,0,754331.2200222457,6,6,835304.4348882859,6,7,7
171100050705,0,0,0,8,0,0,0,0,0,0,0,0,0,NA,0,0,526609.5293818368,2,2,8
171100050706,0,0,0,0,0,0,0,0,0,0,0,0,0,0,0,0,0,0,0,0
171100050707,1,1,0,1,0,0,0,0,0,0,0,0,0,NA,0,0,69254.04531742557,1,1,1
171100050801,2,2,2,2,55626.37332606072,1,1,0,0,0,0,0,0,55626.37332606072,2,2,121847.71688154226,2,3,6
171100050802,0,1,0,0,0,0,0,0,0,0,0,0,0,29952.94899516663,1,1,29952.94899516663,1,1,1
171100050803,0,0,1,0,0,0,0,0,0,0,0,0,0,608400.0961479199,1,1,608400.0961479199,1,1,1
171100050804,2,16,12,6,0,0,0,70736.08188721846,1,1,0,0,0,6356953.275238193,11,11,6467462.502322997,10,16,28
171100060101,0,0,0,0,0,0,0,0,0,0,0,0,0,0,0,0,0,0,0,0
171100060102,0,1,0,0,0,0,0,NA,1,0,0,0,0,NA,1,0,0,0,1,1
171100060103,0,0,0,0,0,0,0,0,0,0,0,0,0,0,0,0,0,0,0,0
171100060104,0,0,0,0,0,0,0,0,0,0,0,0,0,0,0,0,0,0,0,0
171100060105,0,0,0,0,0,0,0,0,0,0,0,0,0,0,0,0,0,0,0,0
171100060106,0,0,0,0,0,0,0,0,0,0,0,0,0,0,0,0,0,0,0,0
171100060201,0,0,0,0,0,0,0,0,0,0,0,0,0,0,0,0,0,0,0,0
171100060202,0,0,0,0,0,0,0,0,0,0,0,0,0,0,0,0,0,0,0,0
171100060203,0,0,0,0,0,0,0,0,0,0,0,0,0,0,0,0,0,0,0,0
171100060204,0,0,0,0,0,0,0,0,0,0,0,0,0,0,0,0,0,0,0,0
171100060205,0,0,0,0,0,0,0,0,0,0,0,0,0,0,0,0,0,0,0,0
171100060301,0,0,0,0,0,0,0,0,0,0,0,0,0,0,0,0,0,0,0,0
171100060302,0,0,0,0,0,0,0,0,0,0,0,0,0,0,0,0,0,0,0,0
171100060303,0,0,0,0,0,0,0,0,0,0,0,0,0,0,0,0,0,0,0,0
171100060304,0,0,0,0,0,0,0,0,0,0,0,0,0,0,0,0,0,0,0,1
171100060305,3,1,8,2,40047.741000124915,1,1,0,0,0,0,0,0,1142514.1238401805,4,4,1142514.1238401805,3,5,12
171100060401,0,0,0,1,0,0,0,0,0,0,0,0,0,NA,0,0,627373.034415089,1,1,1
171100060402,0,0,0,0,0,0,0,0,0,0,0,0,0,0,0,0,0,0,0,0
171100060403,0,0,0,0,0,0,0,0,0,0,0,0,0,0,0,0,0,0,0,0
171100060404,2,5,9,5,0,0,0,0,0,0,NA,1,0,1965253.8491908393,6,6,3477977.425135131,6,11,19
171100060405,0,3,4,1,0,0,0,0,0,0,0,0,0,325905.844004524,2,2,325905.844004524,2,3,6
171100070101,2,0,0,5,252552.6971145687,2,2,0,0,0,0,0,0,252552.6971145687,2,2,890069.5010985931,3,3,7
171100070102,7,5,3,2,1745860.3407945875,6,6,0,0,0,0,0,0,1793521.1558309859,7,7,1839228.8257404868,8,8,12
171100070103,0,0,0,1,0,0,0,0,0,0,0,0,0,NA,0,0,0,0,1,1
171100070104,3,4,7,6,346821.39913478686,2,2,0,0,0,623050.7847575742,1,1,2445731.518074595,8,8,2545405.279426437,10,12,17
171100070105,0,2,10,3,0,0,0,0,0,0,NA,1,0,3832943.7464051116,5,5,3832943.7464051116,3,6,13
171100070106,2,2,4,0,0,0,0,0,0,0,0,0,0,1985973.1254766553,5,5,1985973.1254766553,4,5,6
171100070107,5,29,23,14,0,0,0,751.6193752952721,2,2,192457.75857871672,2,2,1562588.5634428002,17,17,6929954.10970175,18,24,51
171100070201,4,2,0,4,0,0,0,0,0,0,0,0,0,315597.37784026837,3,3,336701.87434514525,4,5,8
171100070202,4,2,0,7,0,0,0,0,0,0,0,0,0,293268.7511593377,1,1,346254.63550311263,3,4,11
171100070203,3,5,3,5,211722.7963125686,3,3,11255.73146926767,1,1,0,0,0,271759.55316602247,6,6,271759.55316602247,4,8,12
171100070204,5,6,8,13,0,0,0,0,0,0,1724465.8804714947,3,3,2289619.165483593,6,6,19440264.36632598,13,18,35
171100080101,0,0,0,0,0,0,0,0,0,0,0,0,0,0,0,0,0,0,0,0
171100080102,0,0,0,0,0,0,0,0,0,0,0,0,0,0,0,0,0,0,0,0
171100080103,0,1,0,2,0,0,0,0,0,0,0,0,0,NA,0,0,903581.8322608767,2,2,3
171100080104,0,0,0,0,0,0,0,0,0,0,0,0,0,0,0,0,0,0,0,0
171100080105,7,7,6,4,215771.56731658464,2,2,0,0,0,910080.7173196828,2,2,5022035.423458588,11,11,5022035.423458588,6,14,16
171100080106,5,2,0,1,0,0,0,0,0,0,0,0,0,511100.3226048707,4,4,511100.3226048707,3,4,5
171100080107,3,0,0,3,139390.24057855146,1,1,0,0,0,0,0,0,285917.7250494915,3,3,717108.8035363024,4,5,6
171100080108,0,0,0,1,0,0,0,0,0,0,0,0,0,NA,0,0,385781.56305949955,1,1,1
171100080109,6,9,4,8,26213.38791734897,2,2,43803.4399248752,1,1,0,0,0,868372.996790451,10,10,2233539.206068333,11,16,19
171100080201,0,0,0,0,0,0,0,0,0,0,0,0,0,0,0,0,0,0,0,0
171100080202,2,1,0,0,422628.35187321494,2,2,8735.24046328288,1,1,0,0,0,431363.5923364978,3,3,431363.5923364978,3,3,3
171100080203,3,3,2,2,0,0,0,0,0,0,NA,1,0,642082.0501619,3,3,878724.3874861436,3,5,9
171100080204,0,0,0,0,0,0,0,0,0,0,0,0,0,0,0,0,0,0,0,0
171100080205,0,1,0,0,0,0,0,0,0,0,0,0,0,NA,1,0,0,0,1,1
171100080206,5,1,0,6,0,0,0,0,0,0,0,0,0,NA,0,0,432145.2427807355,1,4,7
171100080207,3,18,4,2,507787.05349066533,1,1,NA,2,0,NA,2,0,1293337.2691228902,14,14,1332479.5791649008,7,16,24
171100080301,0,0,0,0,0,0,0,0,0,0,0,0,0,0,0,0,0,0,0,0
171100080302,4,5,2,5,74648.0949111864,1,1,1212477.6641229852,1,1,11996.472090170222,1,1,1369470.5528072647,6,6,1369470.5528072647,4,11,12
171100080303,22,20,0,3,84457.00185605758,2,2,0,0,0,0,0,0,2209867.382152834,11,11,5315001.497753855,14,16,29
171100080304,21,28,2,9,307181.8708092397,2,2,0,0,0,NA,1,0,1598911.4684155814,7,7,2663150.3558213003,15,18,36
171100090101,0,0,0,0,0,0,0,0,0,0,0,0,0,0,0,0,0,0,0,0
171100090102,0,0,0,0,0,0,0,0,0,0,0,0,0,0,0,0,0,0,0,0
171100090103,0,0,0,0,0,0,0,0,0,0,0,0,0,0,0,0,0,0,0,0
171100090104,0,1,0,0,0,0,0,NA,1,0,0,0,0,NA,1,0,0,0,1,1
171100090201,0,0,0,0,0,0,0,0,0,0,0,0,0,0,0,0,0,0,0,0
171100090202,0,0,0,1,0,0,0,0,0,0,0,0,0,NA,0,0,545126.3660481522,1,1,1
171100090203,0,0,0,0,0,0,0,0,0,0,0,0,0,0,0,0,0,0,0,0
171100090301,0,0,0,0,0,0,0,0,0,0,0,0,0,0,0,0,0,0,0,0
171100090302,0,1,0,0,0,0,0,0,0,0,0,0,0,NA,1,0,0,0,1,1
171100090303,0,0,0,0,0,0,0,0,0,0,0,0,0,0,0,0,0,0,0,0
171100090401,0,0,0,0,0,0,0,0,0,0,0,0,0,0,0,0,0,0,0,0
171100090402,0,0,0,0,0,0,0,0,0,0,0,0,0,0,0,0,0,0,0,0
171100090403,1,0,0,0,359515.7838705824,1,1,0,0,0,0,0,0,359515.7838705824,1,1,359515.7838705824,1,1,1
171100090501,0,0,0,0,0,0,0,0,0,0,0,0,0,0,0,0,0,0,0,0
171100090502,0,0,0,0,0,0,0,0,0,0,0,0,0,0,0,0,0,0,0,0
171100090503,1,1,0,0,54294.6633951848,1,1,0,0,0,0,0,0,81837.43830048278,2,2,81837.43830048278,2,2,2
171100090601,0,0,0,0,0,0,0,0,0,0,0,0,0,0,0,0,0,0,0,0
171100090602,0,0,1,0,0,0,0,0,0,0,0,0,0,1108143.248220985,1,1,1108143.248220985,1,1,1
171100090603,11,5,0,1,1257715.9383183827,5,5,3270.6568477240153,1,1,0,0,0,2235181.248539473,12,12,3365312.261898203,12,13,15
171100090701,4,6,0,5,13850.809063485112,1,1,15473.271531609209,2,2,0,0,0,1581480.22877993,7,7,2049500.3465408895,9,11,14
171100090702,3,3,0,0,14957.60502977058,1,1,38527.193637229415,1,1,0,0,0,1363604.3028110866,4,4,1363604.3028110866,4,4,4
171100100101,0,0,0,0,0,0,0,0,0,0,0,0,0,0,0,0,0,0,0,0
171100100102,0,0,0,0,0,0,0,0,0,0,0,0,0,0,0,0,0,0,0,0
171100100103,0,0,0,0,0,0,0,0,0,0,0,0,0,0,0,0,0,0,0,0
171100100104,0,0,0,0,0,0,0,0,0,0,0,0,0,0,0,0,0,0,0,0
171100100201,0,0,0,0,0,0,0,0,0,0,0,0,0,0,0,0,0,0,0,0
171100100202,0,0,0,0,0,0,0,0,0,0,0,0,0,0,0,0,0,0,0,0
171100100203,0,0,0,0,0,0,0,0,0,0,0,0,0,0,0,0,0,0,0,0
171100100204,0,0,0,0,0,0,0,0,0,0,0,0,0,0,0,0,0,0,0,0
171100100205,1,1,2,0,0,0,0,0,0,0,NA,1,0,NA,2,0,0,0,2,3
171100100301,0,0,0,0,0,0,0,0,0,0,0,0,0,0,0,0,0,0,0,0
171100100302,2,5,0,0,491893.91880718037,2,2,93940.04796132786,2,2,0,0,0,691821.2418428836,7,7,1248479.6684492666,10,10,10
171100100401,0,0,0,0,0,0,0,0,0,0,0,0,0,0,0,0,0,0,0,0
171100100402,2,4,0,1,0,0,0,270489.7054853064,3,3,0,0,0,691808.6523655546,4,4,2259726.4348499244,6,7,7
171100100403,3,4,1,0,0,0,0,228449.139833124,1,1,0,0,0,667705.4474186065,3,3,667705.4474186065,3,3,5
171100100404,5,15,9,1,0,0,0,413327.74799459876,10,10,3013676.6668314137,3,3,4113732.7035379824,19,19,6964424.229624627,16,21,25
171100100501,0,0,0,0,0,0,0,0,0,0,0,0,0,0,0,0,0,0,0,0
171100100502,0,0,0,0,0,0,0,0,0,0,0,0,0,0,0,0,0,0,0,0
171100100503,0,0,0,0,0,0,0,0,0,0,0,0,0,0,0,0,0,0,0,0
171100100504,0,0,0,0,0,0,0,0,0,0,0,0,0,0,0,0,0,0,0,0
171100100505,3,3,5,0,NA,1,0,0,0,0,777949.0930657836,1,1,3441920.186155253,7,7,9350249.155579824,5,8,9
171100100601,5,17,2,3,175213.7596995008,1,1,2515269.3799555395,13,13,3021.6172013494865,1,1,8520718.239941249,20,20,10216292.276935063,21,25,25
171100100602,1,3,1,0,0,0,0,15249.828910233231,2,2,0,0,0,109158.31436066229,4,4,109158.31436066229,3,4,4
171100100603,1,6,4,1,0,0,0,328597.0795191739,5,5,166238.42840949167,3,3,1405167.6607678034,10,10,1535048.4240374982,7,12,12
171100110101,0,1,0,0,0,0,0,NA,1,0,0,0,0,NA,1,0,0,0,1,1
171100110102,0,1,0,0,0,0,0,0,0,0,0,0,0,33010.09950837817,1,1,33010.09950837817,1,1,1
171100110103,5,4,0,2,70899.94763309484,1,1,0,0,0,0,0,0,481951.53295525984,5,5,1121194.1723141572,6,7,8
171100110201,1,0,0,0,142352.06680905432,1,1,0,0,0,0,0,0,142352.06680905432,1,1,142352.06680905432,1,1,1
171100110202,7,6,5,1,0,0,0,0,0,0,2558.4718769719825,1,1,2186409.303802234,5,5,2263217.5804047533,6,6,14
171100110203,17,16,8,2,661375.4231981387,7,7,NA,1,0,56495.73702208621,1,1,9005477.956954451,18,18,22425827.29638769,17,27,39
171100110204,3,6,0,6,280342.0155192013,2,2,NA,1,0,0,0,0,397353.98593522597,7,7,700883.4586360557,4,11,13
171100120101,0,0,0,0,0,0,0,0,0,0,0,0,0,0,0,0,0,0,0,0
171100120102,0,0,0,0,0,0,0,0,0,0,0,0,0,0,0,0,0,0,0,0
171100120103,0,0,0,0,0,0,0,0,0,0,0,0,0,0,0,0,0,0,0,0
171100120104,0,0,0,0,0,0,0,0,0,0,0,0,0,0,0,0,0,0,0,0
171100120105,2,0,4,0,0,0,0,0,0,0,457782.48780447186,1,1,457782.48780447186,4,4,457782.48780447186,1,4,6
171100120106,9,4,42,4,1425260.1352692358,3,3,0,0,0,437365.7777919105,2,2,36651329.317796044,28,28,36967667.24403838,27,30,59
171100120201,6,13,30,4,159822.5477356201,1,1,0,0,0,2871537.80492599,8,8,15681227.997136477,32,32,15924001.494825229,18,36,47
171100120202,2,1,3,1,0,0,0,0,0,0,NA,1,0,142393.93920362412,4,4,1039984.1285069541,3,6,7
171100120301,2,3,15,1,11867211.496878924,2,2,9737.284388897411,1,1,2174197.297008645,5,5,20626251.939106997,16,16,20626251.939106997,13,17,20
171100120302,6,4,5,2,0,0,0,0,0,0,1107182.7418482003,1,1,3071061.9469998614,7,7,3071061.9469998614,4,8,11
171100120303,0,0,0,0,0,0,0,0,0,0,0,0,0,0,0,0,0,0,0,0
171100120304,0,2,8,4,0,0,0,0,0,0,0,0,0,2924974.9787333608,4,4,3068764.945207153,4,9,15
171100120400,7,15,1,10,1838.591270850747,1,1,NA,4,0,NA,1,0,770201.3378061932,12,12,5701854.596998804,11,29,36
171100130101,0,0,0,0,0,0,0,0,0,0,0,0,0,0,0,0,0,0,0,0
171100130102,0,0,0,0,0,0,0,0,0,0,0,0,0,0,0,0,0,0,0,0
171100130103,0,0,0,0,0,0,0,0,0,0,0,0,0,0,0,0,0,0,0,0
171100130104,0,0,0,0,0,0,0,0,0,0,0,0,0,0,0,0,0,0,0,0
171100130105,0,0,0,0,0,0,0,0,0,0,0,0,0,0,0,0,0,0,0,0
171100130106,0,0,0,0,0,0,0,0,0,0,0,0,0,0,0,0,0,0,0,0
171100130201,0,0,0,0,0,0,0,0,0,0,0,0,0,0,0,0,0,0,0,0
171100130202,0,0,0,0,0,0,0,0,0,0,0,0,0,0,0,0,0,0,0,0
171100130203,1,0,0,1,0,0,0,0,0,0,0,0,0,NA,0,0,271989.1446809606,1,1,1
171100130204,0,1,5,0,0,0,0,0,0,0,3079519.043132064,3,3,7287135.815548836,6,6,7287135.815548836,6,6,6
171100130205,0,0,0,0,0,0,0,0,0,0,0,0,0,0,0,0,0,0,0,0
171100130301,0,0,2,1,0,0,0,0,0,0,792824.4903150781,1,1,1069840.6715847803,2,2,1125104.1045923913,3,3,3
171100130302,2,2,1,0,40797.14358396628,1,1,69794.9796926993,1,1,0,0,0,110592.12327666557,3,3,110592.12327666557,2,3,4
171100130303,17,10,9,4,2368759.6183798565,4,4,0,0,0,946775.264970646,1,1,9535518.470665494,16,16,10068753.698759792,18,20,28
171100130304,5,2,0,0,4031300.731369117,3,3,0,0,0,0,0,0,4799985.866726261,4,4,4799985.866726261,4,4,5
171100130305,14,22,11,1,10065.29765316546,4,4,627301.6779426474,6,6,8979213.244394703,3,3,18832945.445315644,30,30,20645453.419633035,23,39,42
171100140101,0,0,0,0,0,0,0,0,0,0,0,0,0,0,0,0,0,0,0,0
171100140102,0,0,0,2,0,0,0,0,0,0,0,0,0,NA,0,0,665482.1459113129,2,2,2
171100140103,2,1,0,1,149459.15996634908,1,1,0,0,0,0,0,0,149459.15996634908,1,1,244682.64819635358,2,2,3
171100140104,9,7,3,2,576424.9800329464,1,1,1254518.5713695663,2,2,444075.4844599701,3,3,3113482.013674765,10,10,4098953.406424375,9,13,18
171100140105,0,1,0,0,0,0,0,51002.533220119134,1,1,0,0,0,51002.533220119134,1,1,51002.533220119134,1,1,1
171100140106,1,0,1,0,0,0,0,0,0,0,0,0,0,891453.9323659996,1,1,891453.9323659996,1,1,2
171100140201,0,0,0,0,0,0,0,0,0,0,0,0,0,0,0,0,0,0,0,0
171100140202,0,0,0,0,0,0,0,0,0,0,0,0,0,0,0,0,0,0,0,0
171100140203,0,0,0,0,0,0,0,0,0,0,0,0,0,0,0,0,0,0,0,0
171100140204,0,0,0,1,0,0,0,0,0,0,0,0,0,NA,0,0,16513.443667709493,1,1,1
171100140205,10,3,6,2,5606700.125282636,3,3,0,0,0,NA,1,0,10194657.949908422,8,8,15262316.263875304,7,10,16
171100140301,0,0,0,0,0,0,0,0,0,0,0,0,0,0,0,0,0,0,0,0
171100140302,0,0,0,0,0,0,0,0,0,0,0,0,0,0,0,0,0,0,0,0
171100140303,0,0,0,0,0,0,0,0,0,0,0,0,0,0,0,0,0,0,0,0
171100140304,0,0,0,0,0,0,0,0,0,0,0,0,0,0,0,0,0,0,0,0
171100140305,0,0,0,0,0,0,0,0,0,0,0,0,0,0,0,0,0,0,0,0
171100140306,6,0,0,13,1090128.3423726216,2,2,0,0,0,0,0,0,1756641.4842695228,5,5,2704815.8321705656,7,10,19
171100140307,0,0,0,1,0,0,0,0,0,0,0,0,0,NA,0,0,0,0,1,1
171100140401,0,0,0,0,0,0,0,0,0,0,0,0,0,0,0,0,0,0,0,0
171100140402,1,0,0,1,0,0,0,0,0,0,0,0,0,1194514.4651907105,1,1,1452038.03803594,2,2,2
171100140403,4,2,0,2,1052018.3388931402,2,2,0,0,0,0,0,0,1529936.348168684,4,4,6731809.801205796,6,6,6
171100140404,4,0,4,2,255093.79879359948,1,1,0,0,0,4279148.273576228,3,3,7291164.5349002695,6,6,7291164.5349002695,5,7,8
171100140501,8,2,2,3,437935.9230453483,3,3,0,0,0,572089.9656271578,2,2,1010025.8886725061,7,7,1202617.7361404635,6,10,13
171100140502,0,3,0,1,0,0,0,0,0,0,0,0,0,50209.182855133535,2,2,272304.2892712236,2,3,4
171100150101,0,0,0,0,0,0,0,0,0,0,0,0,0,0,0,0,0,0,0,0
171100150102,0,0,0,0,0,0,0,0,0,0,0,0,0,0,0,0,0,0,0,0
171100150103,0,0,0,0,0,0,0,0,0,0,0,0,0,0,0,0,0,0,0,0
171100150104,0,0,0,0,0,0,0,0,0,0,0,0,0,0,0,0,0,0,0,0
171100150105,1,3,0,0,0,0,0,6662.037676173719,2,2,0,0,0,6662.037676173719,2,2,6662.037676173719,2,2,3
171100150106,0,0,0,0,0,0,0,0,0,0,0,0,0,0,0,0,0,0,0,0
171100150107,0,0,0,0,0,0,0,0,0,0,0,0,0,0,0,0,0,0,0,0
171100150108,0,0,0,0,0,0,0,0,0,0,0,0,0,0,0,0,0,0,0,0
171100150109,0,0,0,0,0,0,0,0,0,0,0,0,0,0,0,0,0,0,0,0
171100150110,1,1,0,0,14378.996647379225,1,1,0,0,0,0,0,0,14378.996647379225,1,1,14378.996647379225,1,1,1
171100150111,0,0,0,0,0,0,0,0,0,0,0,0,0,0,0,0,0,0,0,0
171100150112,0,1,0,0,0,0,0,612994.0905923679,1,1,0,0,0,612994.0905923679,1,1,612994.0905923679,1,1,1
171100150201,0,0,1,1,0,0,0,0,0,0,0,0,0,NA,1,0,54210.45044997416,1,2,2
171100150202,3,2,6,0,519108.4516602991,1,1,0,0,0,NA,1,0,1738963.33640164,8,8,1738963.33640164,4,8,8
171100150203,1,0,4,0,0,0,0,0,0,0,0,0,0,440290.6819780261,5,5,440290.6819780261,2,5,5
171100150204,0,0,1,0,0,0,0,0,0,0,0,0,0,210247.9708998856,1,1,210247.9708998856,1,1,1
171100150205,2,6,13,3,0,0,0,NA,2,0,8968.583409111843,1,1,2125712.393570874,19,19,2215911.7946137246,6,22,23
171100150301,0,3,11,1,0,0,0,NA,1,0,NA,1,0,2075779.2734466852,13,13,2075779.2734466852,6,14,15
171100150302,0,0,0,0,0,0,0,0,0,0,0,0,0,0,0,0,0,0,0,0
171100150303,0,0,0,0,0,0,0,0,0,0,0,0,0,0,0,0,0,0,0,0
171100150304,0,0,0,0,0,0,0,0,0,0,0,0,0,0,0,0,0,0,0,0
171100150305,2,2,0,4,0,0,0,0,0,0,0,0,0,NA,0,0,271835.4194796644,3,4,4
171100150306,0,0,0,0,0,0,0,0,0,0,0,0,0,0,0,0,0,0,0,0
171100150307,6,5,0,0,65817.8897665427,1,1,0,0,0,0,0,0,204933.724326364,6,6,3778475.9116973556,7,12,12
171100150308,1,2,0,0,0,0,0,NA,1,0,0,0,0,27048.60998492735,2,2,27048.60998492735,1,2,2
171100160101,0,0,0,0,0,0,0,0,0,0,0,0,0,0,0,0,0,0,0,0
171100160102,0,0,0,0,0,0,0,0,0,0,0,0,0,0,0,0,0,0,0,0
171100160201,0,1,1,3,0,0,0,0,0,0,0,0,0,NA,0,0,89690.91409059784,1,3,3
171100160202,2,3,1,1,3957.630713080817,1,1,27874.753240263788,1,1,0,0,0,49087.17993019967,5,5,53747.251161605906,5,6,6
171100170101,2,5,2,3,7756.453075551663,2,2,NA,5,0,0,0,0,7756.453075551663,9,9,23234.4342769145,8,18,30
171100170102,55,46,1,0,NA,2,0,0,0,0,0,0,0,584898.015797704,10,10,584898.015797704,2,10,55
171100170201,0,0,0,0,0,0,0,0,0,0,0,0,0,0,0,0,0,0,0,0
171100170202,0,0,0,0,0,0,0,0,0,0,0,0,0,0,0,0,0,0,0,0
171100170203,0,0,0,2,0,0,0,0,0,0,0,0,0,NA,0,0,376208.6355340285,2,2,2
171100170204,35,33,4,16,413824.4138920491,2,2,462299.0361437187,4,4,184041.76267677065,2,2,1060165.2127125384,24,24,9238316.703814266,11,34,50
171100180101,2,4,1,7,124657.281571366,1,1,0,0,0,0,0,0,1740436.9716264314,5,5,2614270.0485869003,10,12,14
171100180102,2,2,0,3,0,0,0,0,0,0,0,0,0,NA,1,0,611957.1537594942,2,5,5
171100180103,1,0,0,10,0,0,0,0,0,0,0,0,0,NA,0,0,966821.9039560225,9,11,11
171100180104,37,34,1,11,76164.10734150301,1,1,0,0,0,0,0,0,180045.17531764135,5,5,1299492.2774459047,9,15,49
171100180105,2,1,1,3,NA,1,0,0,0,0,0,0,0,508133.57683745184,3,3,739548.5880995039,5,6,6
171100180106,0,0,0,0,0,0,0,0,0,0,0,0,0,0,0,0,0,0,0,0
171100180107,6,0,6,2,0,0,0,0,0,0,NA,1,0,NA,9,0,691783.5755700639,3,12,13
171100180108,2,1,0,0,68100.6330434729,1,1,0,0,0,0,0,0,336139.30161220476,3,3,336139.30161220476,3,3,3
171100180201,0,0,0,0,0,0,0,0,0,0,0,0,0,0,0,0,0,0,0,0
171100180202,0,0,0,0,0,0,0,0,0,0,0,0,0,0,0,0,0,0,0,0
171100180301,0,0,0,1,0,0,0,0,0,0,0,0,0,NA,0,0,0,0,1,1
171100180302,0,0,0,0,0,0,0,0,0,0,0,0,0,0,0,0,0,0,0,0
171100180303,0,0,0,0,0,0,0,0,0,0,0,0,0,0,0,0,0,0,0,0
171100180304,0,0,0,0,0,0,0,0,0,0,0,0,0,0,0,0,0,0,0,0
171100180401,0,0,0,0,0,0,0,0,0,0,0,0,0,0,0,0,0,0,0,0
171100180402,0,0,2,0,0,0,0,0,0,0,NA,1,0,542880.5616972927,2,2,542880.5616972927,1,2,2
171100180501,0,0,0,0,0,0,0,0,0,0,0,0,0,0,0,0,0,0,0,0
171100180502,0,0,0,0,0,0,0,0,0,0,0,0,0,0,0,0,0,0,0,0
171100180503,9,8,7,0,250951.6529013271,1,1,NA,4,0,187176.3949538935,3,3,3785280.731310275,16,16,5151969.089098746,9,18,21
171100180601,0,0,0,0,0,0,0,0,0,0,0,0,0,0,0,0,0,0,0,0
171100180602,2,0,1,0,NA,1,0,0,0,0,0,0,0,NA,2,0,0,0,2,2
171100180603,8,7,6,0,959627.7846399712,4,4,NA,2,0,NA,2,0,2976342.0328468587,17,17,3387674.7181327855,9,19,21
171100180701,6,2,3,1,0,0,0,0,0,0,NA,1,0,298220.8372705623,5,5,1348539.880652569,6,11,13
171100180702,9,11,2,0,0,0,0,NA,1,0,0,0,0,119061.3938566372,9,9,119061.3938566372,1,9,14
171100180703,30,4,5,9,373441.3433522467,3,3,0,0,0,NA,2,0,373441.3433522467,7,7,5782238.846481442,14,21,49
171100180704,1,1,0,2,0,0,0,0,0,0,0,0,0,NA,1,0,2205948.165086357,3,4,4
171100180800,16,11,8,13,38782.26537775831,1,1,0,0,0,1476616.339656637,3,3,2643259.4315688564,12,12,10145518.88524139,17,28,39
171100190101,2,1,1,1,0,0,0,0,0,0,0,0,0,NA,3,0,435018.750234378,1,6,6
171100190102,0,0,5,0,0,0,0,0,0,0,928608.6286594762,4,4,3508683.108276582,5,5,3508683.108276582,2,6,6
171100190103,1,0,3,1,0,0,0,0,0,0,NA,3,0,154642.23911413093,4,4,377993.85698778275,2,7,7
171100190104,0,0,2,0,0,0,0,0,0,0,NA,2,0,NA,2,0,0,0,2,2
171100190105,0,0,11,4,0,0,0,0,0,0,2761667.420842761,8,8,2761667.420842761,11,11,2940581.934125459,3,17,17
171100190106,0,0,1,0,0,0,0,0,0,0,0,0,0,NA,1,0,0,0,2,2
171100190107,0,2,8,0,0,0,0,NA,1,0,NA,4,0,NA,8,0,334936.37195464945,1,10,12
171100190201,0,0,0,0,0,0,0,0,0,0,0,0,0,0,0,0,0,0,0,0
171100190202,0,0,0,0,0,0,0,0,0,0,0,0,0,0,0,0,0,0,0,0
171100190203,1,1,5,0,0,0,0,0,0,0,NA,2,0,126628.93605016508,3,3,1515086.243864939,2,4,6
171100190204,4,8,2,0,140484.96393138787,1,1,156137.87341381176,1,1,0,0,0,583663.2788551719,7,7,8405325.707106698,7,11,14
171100190205,10,12,0,9,1337451.1071131052,4,4,0,0,0,0,0,0,1591783.2829731833,10,10,2635514.447853594,17,18,22
171100190301,1,0,0,1,0,0,0,0,0,0,0,0,0,13803.033579241925,1,1,64483.638771668426,2,2,2
171100190302,1,0,0,1,0,0,0,0,0,0,0,0,0,NA,0,0,441378.6458755498,1,1,1
171100190303,1,0,2,7,0,0,0,0,0,0,0,0,0,NA,2,0,3076194.1462066206,7,9,9
171100190304,0,0,0,0,0,0,0,0,0,0,0,0,0,0,0,0,0,0,0,0
171100190401,0,0,0,2,0,0,0,0,0,0,0,0,0,NA,0,0,1139632.399729236,2,2,2
171100190402,0,0,2,2,0,0,0,0,0,0,0,0,0,255872.4603094219,2,2,255872.4603094219,1,4,4
171100190403,2,1,4,2,0,0,0,0,0,0,NA,1,0,321491.1592082301,4,4,596151.5074682293,3,7,8
171100190404,1,4,5,1,0,0,0,0,0,0,3531659.41674603,3,3,4317781.647655929,5,5,9321118.933579154,8,11,11
171100190501,0,0,0,0,0,0,0,0,0,0,0,0,0,0,0,0,0,0,0,0
171100190502,1,3,2,12,0,0,0,0,0,0,NA,2,0,759207.1731540778,5,5,2243801.2078884905,13,15,18
171100190503,1,1,2,8,0,0,0,0,0,0,0,0,0,1600288.5535069727,2,2,4542998.20645439,8,11,12
171100190504,3,3,1,7,15374.398060468477,1,1,17568.400298576613,1,1,343698.6800669224,1,1,702893.7562618087,5,5,2106800.629826552,13,14,14
171100190505,1,0,0,6,NA,1,0,0,0,0,0,0,0,NA,1,0,377310.93392705463,2,7,7
171100190601,1,0,2,1,NA,1,0,0,0,0,NA,1,0,NA,3,0,158299.0555261287,1,4,4
171100190602,0,0,2,0,0,0,0,0,0,0,0,0,0,NA,2,0,0,0,2,2
171100190603,7,3,2,9,145075.48546776155,4,4,0,0,0,0,0,0,182038.58021396823,6,6,670152.9011770108,7,13,17
171100190604,3,1,0,4,189368.6859532245,3,3,0,0,0,0,0,0,189368.6859532245,3,3,679887.3902668357,6,7,7
171100190605,0,0,9,4,0,0,0,0,0,0,683555.2744097256,1,1,2114148.108135828,6,6,10427858.29328438,5,10,13
171100190606,0,1,5,4,0,0,0,NA,1,0,3084412.89737526,4,4,3084412.89737526,6,6,3825333.446583794,5,10,10
171100190607,1,0,0,5,25587.42453401133,1,1,0,0,0,0,0,0,25587.42453401133,1,1,388225.2295509377,4,6,6
171100190608,0,0,0,5,0,0,0,0,0,0,0,0,0,NA,0,0,2390846.3768881573,5,7,7
171100190609,0,0,5,7,0,0,0,0,0,0,0,0,0,NA,1,0,765028.6805450666,5,8,11
171100190610,2,0,2,9,NA,2,0,0,0,0,0,0,0,NA,2,0,1394913.1149866926,8,11,11
171100190701,2,1,1,33,NA,1,0,0,0,0,0,0,0,NA,2,0,2038160.85539385,6,9,36
171100190702,1,1,0,4,0,0,0,0,0,0,0,0,0,NA,0,0,406423.49626374803,2,4,5
171100190703,1,3,3,5,0,0,0,NA,1,0,939141.9529774587,2,2,1513522.9631046124,5,5,2609374.427226637,7,11,12
171100190704,7,4,0,2,740131.8331163905,1,1,0,0,0,0,0,0,1435444.939085349,7,7,1435444.939085349,2,9,9
171100190705,4,4,4,4,0,0,0,0,0,0,484144.01973151555,2,2,1831617.934066719,6,6,4360824.416811536,6,10,10
171100190706,3,3,6,13,496486.0123821772,2,2,7741.624444103667,1,1,NA,1,0,1406625.1834341006,7,7,5088722.4100495875,9,20,24
171100190707,7,8,8,9,NA,1,0,0,0,0,1477362.9900094562,4,4,7147520.90587919,13,13,11759986.116321426,12,21,26
171100190801,1,0,0,0,NA,1,0,0,0,0,0,0,0,NA,1,0,0,0,1,1
171100190802,101,93,32,4,117073.20405642259,9,9,116951.81160737,3,3,514820.4962256402,3,3,4660985.273272351,71,71,4917758.49709577,28,76,141
171100190803,0,2,4,0,0,0,0,0,0,0,806117.0874948335,2,2,5369315.053965443,5,5,5712569.0333417375,4,7,10
171100190900,4,8,15,2,98487.65035609213,2,2,0,0,0,NA,5,0,3470223.5729517983,20,20,6050401.824147976,14,38,39
171100191000,0,0,3,0,0,0,0,0,0,0,NA,2,0,NA,3,0,1773963.1377723047,4,7,7
171100191100,14,17,5,12,92731.3122987272,1,1,NA,2,0,472666.3175539656,3,3,3892462.921285416,12,12,11519975.805170665,13,29,57
171100191200,1,3,6,2,NA,1,0,1590230.968147102,1,1,1099910.999125086,3,3,6111583.385443943,8,8,9227598.155292688,12,23,24
171100191300,0,0,0,0,0,0,0,0,0,0,0,0,0,0,0,0,0,0,0,3
171100200101,55,34,7,1,0,0,0,NA,1,0,302891.5018528543,2,2,1675899.4580155476,16,16,1675899.4580155476,7,17,69
171100200102,0,0,1,0,0,0,0,0,0,0,0,0,0,NA,1,0,0,0,1,1
171100200103,0,2,2,1,0,0,0,NA,1,0,11218.203772327935,1,1,278592.161995753,3,3,1037064.4617045139,4,6,6
171100200201,3,2,3,0,163188.57433586512,2,2,0,0,0,208153.82111639323,1,1,925374.757991663,5,5,925374.757991663,3,5,5
171100200202,0,0,0,2,0,0,0,0,0,0,0,0,0,NA,0,0,123396.34454652877,2,2,2
171100200203,4,0,2,4,1829056.3637559968,3,3,0,0,0,NA,1,0,2017036.9280578026,5,5,4115750.8609668855,5,11,13
171100200204,0,0,1,0,0,0,0,0,0,0,0,0,0,NA,1,0,382245.4582188344,2,3,3
171100200301,0,0,0,0,0,0,0,0,0,0,0,0,0,0,0,0,0,0,0,0
171100200302,0,0,0,0,0,0,0,0,0,0,0,0,0,0,0,0,0,0,0,0
171100200303,0,0,0,0,0,0,0,0,0,0,0,0,0,0,0,0,0,0,0,0
171100200304,0,0,0,0,0,0,0,0,0,0,0,0,0,0,0,0,0,0,0,0
171100200305,0,0,0,0,0,0,0,0,0,0,0,0,0,0,0,0,0,0,0,0
171100200306,2,0,0,0,0,0,0,0,0,0,0,0,0,23899.56039155537,1,1,105033.95949406289,11,11,12
171100200307,7,3,8,3,2468501.791612729,3,3,174219.9696275514,1,1,2694786.3042493397,5,5,7147795.330070081,14,14,19523281.84484135,20,28,32
171100200401,1,1,0,0,0,0,0,0,0,0,0,0,0,140476.02746249357,1,1,140476.02746249357,1,1,1
171100200402,3,1,3,0,638701.8328649217,1,1,0,0,0,0,0,0,1826863.2495059078,4,4,1826863.2495059078,2,4,4
171100200403,6,1,3,0,NA,1,0,0,0,0,0,0,0,3663238.066338055,8,8,3663238.066338055,4,8,8
171100200404,0,0,1,0,0,0,0,0,0,0,0,0,0,1187559.338366718,1,1,1240906.1638168034,2,2,3
171100200405,1,0,0,2,0,0,0,0,0,0,0,0,0,159041.01044434987,1,1,318082.02088869974,2,3,3
171100200501,0,0,0,0,0,0,0,0,0,0,0,0,0,0,0,0,0,0,0,0
171100200502,0,0,0,0,0,0,0,0,0,0,0,0,0,0,0,0,0,0,0,0
171100200503,0,0,0,0,0,0,0,0,0,0,0,0,0,0,0,0,0,0,0,0
171100200504,0,0,0,0,0,0,0,0,0,0,0,0,0,0,0,0,0,0,0,0
171100200505,0,0,0,0,0,0,0,0,0,0,0,0,0,0,0,0,0,0,0,0
171100200506,0,0,0,0,0,0,0,0,0,0,0,0,0,0,0,0,0,0,0,0
171100200507,0,0,0,0,0,0,0,0,0,0,0,0,0,0,0,0,0,0,0,0
171100200508,0,0,0,0,0,0,0,0,0,0,0,0,0,0,0,0,0,0,0,0
171100200509,0,0,0,0,0,0,0,0,0,0,0,0,0,0,0,0,0,0,0,0
171100200510,0,0,0,0,0,0,0,0,0,0,0,0,0,0,0,0,0,0,0,0
171100200511,0,0,0,0,0,0,0,0,0,0,0,0,0,0,0,0,0,0,0,0
171100200512,0,0,0,2,0,0,0,0,0,0,0,0,0,NA,0,0,572089.9656271578,1,2,2
171100200513,0,0,0,0,0,0,0,0,0,0,0,0,0,0,0,0,0,0,0,0
171100200514,10,2,0,2,147731.47553413818,4,4,0,0,0,0,0,0,3203019.506518943,7,7,4822803.771522158,6,11,13
171100200700,3,3,4,0,0,0,0,1207624.0372120808,1,1,NA,2,0,8913062.764657965,7,7,17925879.557280336,4,10,10
171100210101,0,0,0,0,0,0,0,0,0,0,0,0,0,0,0,0,0,0,0,0
171100210102,0,0,0,0,0,0,0,0,0,0,0,0,0,0,0,0,0,0,0,0
171100210103,0,0,0,3,0,0,0,0,0,0,0,0,0,NA,0,0,486100.67980790115,2,3,3
171100210201,3,0,0,15,102289.38436363636,1,1,0,0,0,0,0,0,1344845.2301829488,3,3,4560757.0481592165,9,10,18
171100210202,8,0,0,0,0,0,0,0,0,0,0,0,0,2279083.645437628,3,3,2279083.645437628,3,3,8
171100210203,0,0,0,0,0,0,0,0,0,0,0,0,0,0,0,0,0,0,0,0
171100210204,5,0,0,2,421854.6884169143,1,1,0,0,0,0,0,0,1175655.7983849333,4,4,2354199.8042787802,5,6,7
171100210205,1,3,0,11,3641602.465331279,1,1,0,0,0,0,0,0,3641602.465331279,1,1,4087897.1934552807,3,12,12
171100210301,6,0,3,5,5317496.072482113,1,1,0,0,0,0,0,0,5997550.883672935,7,7,6211948.591079775,4,12,13
171100210302,1,0,1,3,141115.1555813948,1,1,0,0,0,0,0,0,141115.1555813948,1,1,163236.185928104,2,4,4
171100210303,4,1,0,1,947749.3284383875,3,3,0,0,0,0,0,0,947749.3284383875,3,3,947749.3284383875,2,4,4
171100210304,3,2,0,2,128220.15825793592,1,1,0,0,0,0,0,0,128220.15825793592,1,1,231683.27426775038,2,3,4
171100210305,6,0,0,0,NA,1,0,0,0,0,0,0,0,134051.51754137603,3,3,134051.51754137603,1,3,6
171100210306,1,1,1,0,0,0,0,0,0,0,0,0,0,1458880.0034150428,2,2,1458880.0034150428,1,2,2
171100210500,0,0,0,0,0,0,0,0,0,0,0,0,0,0,0,0,0,0,0,0
