"HUC_12","BARREN","DECIDUOUS_FOR","DEVELOPED_LOW","DEVELOPED_OPEN","EVERGREEN_FOR","GRASS_HERB","ICE_SNOW","MIXED_FOR","SHRUB_SCRUB","WATER","WOOD_WETLANDS","DEVELOPED_MED","HERB_WETLANDS","PASTURE","DEVELOPED_HIGH","CROPS","HUC12_IMP"
170800010101,0.0873261170937659,0.000160101519741174,0.000170107854784665,0.0101235073696846,0.80238521203918,0.0022814464476649,0.0298740694830398,0.000190120547105776,0.0658070416799277,0.000631610346008445,0.00105066579701761,0,0,0,0,0,1.05100310521218
170800010102,0,0.000794323410580951,0.000241709950943966,0.0128988221937276,0.86873223006984,0.0217353015943832,0,0.0094196823345057,0.0849564042502225,0.000291805316923747,0.000334675328741707,0.0000371861462094066,0.0000185930731426449,0.000539199082272338,0,0,1.06127096052871
170800010201,0.00574112433518464,0,0.000723450487065253,0.0110922846548217,0.940163581620391,0.00316416380760777,0,0.0000771705588680727,0.0370140678848417,0.000231511460468439,0,0.000987605720095471,0.000194274471096471,0,0.000610772984388972,0,1.18497454447439
170800010202,0.0474642411888161,0.00027578567589913,0.00372198556400026,0.0285104865592588,0.86689111628458,0.00110239101556646,0.012859263056388,0.000679344245446191,0.0354091768429306,0.000326633070692252,0.00067562550873103,0.00170332455213412,0.0000190317032612713,0,0.000361602337486564,0,1.34441464313393
170800010301,0,0.0000434240703817063,0.000195407843197517,0.00714804906350892,0.919729686159178,0.00245345983861973,0,0.000303968507076601,0.0700821937801995,0,0,0.0000217120354365597,0,0,0,0,1.05328656171971
170800010302,0.0189630150321806,0.000308113409187425,0.0030481359058921,0.00952422594675395,0.90462774096687,0.00141116966812796,0.00708433788334373,0.000214745701303168,0.0356254969812882,0.00177398617130703,0.00645170780788144,0.00180882070826951,0.0084542483475209,0,0.000704245252242664,0,1.3689913981972
170800010303,0.000303091123186772,0.0000233147029374426,0,0,0.983559834351514,0.000303091119262128,0,0.0000699441084725354,0.0153910044972047,0.000349720543377711,0,0,0,0,0,0,1.0067338710158
170800010304,0,0.000525028744659853,0.0029443168695813,0.0246326726967126,0.917270526822214,0.0027447175397233,0,0.0237628523880323,0.0217276171352797,0.00107923214610366,0.00118680657631978,0.00156179829176494,0.0000431565998168615,0.00186816099049653,0.000189156992911191,0.000463933448941559,1.2845278370257
170800010401,0.000207142838272533,0.00313435525053693,0.0056669521923547,0.0462624256897471,0.755666368787964,0.0121034545193572,0,0.0445224288915897,0.0913311749518224,0.00767299036840415,0.00522730882834984,0.00153826249841841,0.00056050404141446,0.0248475010765331,0.000151919034581507,0.00110723886896526,1.41276988347383
170800010402,0.000816047144246662,0.0194783952049077,0.00711529912340227,0.0474883000198763,0.397749262668932,0.0552730948046953,0,0.186369714295178,0.134754072226971,0.0112240264469266,0.00623126586582372,0.00249048834002669,0.000845542692641822,0.128188021448599,0.000952680781725617,0.00102379524716253,1.63434498152531
170800010501,0,0,0,0,0.961505470934239,0.00124392046070415,0,0,0.0345497166827144,0.00127601114462075,0.00121221015633366,0,0.000212668598664727,0,0,0,1
170800010502,0.000379417592214055,0.000183167176209835,0,0,0.893239161265321,0.00130191224089684,0,0.000824252380207785,0.07712035017576,0.0256564881190986,0.00129525352137763,0,0,0,0,0,1.0000012300538
170800010503,0.00127266271776946,0.000142099522764242,0,0,0.939686439325471,0.000449629008657012,0,0.00439504748704406,0.0275742638294895,0.0178959514954958,0.00698866855211765,0,0.0015952392754074,0,0,0,1.00127320485649
170800010504,0,0.0000441802077407353,0,0,0.967707681440036,0.00181871929740122,0,0.000574342706443218,0.0291481932487018,0,0.000220901039094289,0,0.000375531690950351,0.00011045051969015,0,0,1
170800010505,0,0.0028757889740121,0.0000139708446618004,0.00244206204665695,0.8975072087588,0.00307344619559335,0,0.038599112539736,0.0444000992799798,0.00203974404823031,0.000447067013583985,0,0.0000838250682324174,0.0085177128762701,0,0,1.00850624468592
170800010506,0.000601618755346678,0.0121490474135838,0.000165013468106925,0.00957282984711295,0.777510655972107,0.015070944905358,0,0.0845568069568663,0.0490164644793903,0.0286863430959381,0.0001021703073415,0,0.000147726512911167,0.0224203438741863,0,0,1.04593946095093
170800010601,0.00196924757059813,0.00558675850974272,0.00224209875922698,0.0117634895499821,0.835214844102169,0.00188599713977071,0,0.0406264658967139,0.080314255508548,0.0000474932185836227,0.0201371230019314,0.000163546719371597,0,0,0.0000170261855398397,0.0000316621455620459,1.13663317033222
170800010602,0.000223645803028529,0.0205336977929321,0.00451758817527056,0.0335490744732993,0.723765865371366,0.012725776665268,0,0.0923627103751651,0.0975321770104381,0.00196633938387383,0.0116212958624885,0.0000460621772867951,0.0000254017391056559,0,0,0.00113037737628536,1.29475041588469
170800010603,0.00174140444499073,0.0251934814129308,0.00745283861333557,0.0408397342912306,0.543080040966575,0.0917596616875599,0,0.104195472380323,0.168922861699593,0.000383108824453859,0.00628066430500732,0.000208968498699941,0.0000464374440198497,0.00989533220217024,0,0,1.44559240526026
170800010604,0.00090394821848284,0.0901841081211582,0.0134838399620581,0.0650084773498743,0.405114048488963,0.0374347775364633,0,0.178047940088752,0.144481869375325,0.00761138023580229,0.00856092122445001,0.000301316086495823,0.000549458708985919,0.0470240285416318,0,0.00129388633530988,1.72247047701379
170800010605,0.00210414645501381,0.0298790433857836,0.110431918916594,0.125878345261757,0.22602814233746,0.0277297684672755,0,0.0664375235695635,0.0612730474702104,0.00982872767643353,0.0288002062838396,0.0412858600878027,0.0110300004784521,0.253539048320289,0.0053530580438647,0.000401229799432242,8.73895100369202
170800010606,0.000128454394925608,0.0743303138385342,0.0477086577814793,0.087046004564034,0.32580345393768,0.0531389811144307,0,0.121090115832401,0.115765987409704,0.00547323491998837,0.0144156601213205,0.0158356899279942,0.00370856734909427,0.132483346611852,0.00307154672502618,0.00000000275528460267193,4.37704454819572
170800010701,0,0.0108470192522093,0.0000397656586217669,0.000340032621380318,0.839990986529349,0.0391322804177786,0,0.0556456991567251,0.0469622097007398,0.000874180277529135,0.00233981628456435,0,0.000111223567282238,0.00306076771638488,0,0.000656044299550562,1.01200244044598
170800010702,0.00133298922634213,0.0341746958443279,0.00499682697876334,0.0267503417257432,0.459209549010011,0.0690101747686741,0,0.158688124945303,0.0797491497504991,0.0191212899053253,0.0097589127143302,0.000517432245419143,0.00243957050395463,0.133893637717454,0.0000210155122373533,0.000336248181313339,1.31945645260063
170800010703,0.00168064126545886,0.0286749434951599,0.0982524928213711,0.0658793334674757,0.179247650798249,0.0154369803483042,0,0.108971334096218,0.0287346618668794,0.0191193713997425,0.0208312427108575,0.0820317036234781,0.0235884887845146,0.308091237601468,0.0180496972707019,0.00141023787169176,11.7091475906435
170800010801,0.00390292800375087,0.0135632913342409,0.0182003472712963,0.019951291551985,0.74420821502737,0.0243406467464589,0,0.0427038236949983,0.0824001381442398,0.0318175592348584,0.00870392114715393,0.00346194343025518,0.00429192652082185,0.00140457312100611,0.000717629599307765,0.000331809300141787,2.00703676783409
170800010802,0.00209092887627875,0.0847279035482326,0.0117509590186184,0.0299526869243457,0.532897800327483,0.0221077505589322,0,0.102398404118802,0.0771367463545006,0.0874168688399392,0.0310983831140902,0.00221533498035958,0.0154141831520807,0.000255633003238609,0.000142502345817429,0.000393892945329093,1.66235107587287
170800010803,0.00110664852810825,0.0950194520730622,0.00844791334792119,0.0159830200268675,0.546661372665194,0.00779048048257658,0,0.0733441566973366,0.033354057801527,0.191405031349955,0.0142912441709388,0.00332276241894991,0.00306042488658532,0.00596753714102498,0.000147553413213867,0.0000983689419988129,1.57661967038716
170800010804,0.00660710550492457,0.0706449885655834,0.0362303697273209,0.0424933298721561,0.186139591715728,0.0207587634553213,0,0.0840744498321735,0.0249377747253489,0.192838811578355,0.036311863805472,0.0264296969764575,0.0724260731784825,0.177242548698057,0.00919552899797559,0.0136691106291146,5.03372987754778
170800020101,0.133738049004148,0.0000865284766006783,0.00928650354421152,0.00664635083421395,0.742925643334567,0.00157388042105993,0.0115355811483143,0,0.0792065895207756,0.000100949818532606,0.0111688049447886,0.00302536481346389,0.0000721070089218223,0,0.00063362979043878,0,1.5924417769362
170800020102,0.00254378157280723,0,0.0169555871077421,0.0156888394694173,0.837364787097907,0.0057835172662302,0,0,0.0713551379332117,0.00031265590724471,0.0393775015908951,0.00559973370274579,0.00408686020734321,0,0.000931582319614956,0,2.06755555116183
170800020103,0.00524746598617719,0.0000813366653915687,0.00558009761814062,0.0199791610422166,0.88631551754424,0.00333422500608415,0,0.000122005013542595,0.0722504833452077,0.000447351624278653,0.00422174141288074,0.00212160787719182,0,0,0.000299025226678979,0,1.39722657903372
170800020104,0.000968898146417814,0.000117287538516654,0.0116013751695019,0.0256622713130445,0.91950352817349,0.00242960009414444,0,0.000136835494115225,0.0296555122163844,0.0000390958527012499,0.00675218521609068,0.00108909441171607,0.00191569625415357,0,0.000128632669946367,0,1.50689851407444
170800020105,0.000311637231263556,0.000559699160160015,0.00363616662049404,0.00792854376397019,0.904359333711576,0.00276882687317555,0,0.00201572488305254,0.0765886397438777,0.000645031552613961,0.000829326605746898,0.000299478972341199,0.0000575921430462926,0,0,0,1.14742896096932
170800020106,0.00055900699919816,0.00115440022082123,0.0156783873670052,0.0348759168926589,0.882779467355297,0.00218743738211358,0,0.000770523248637653,0.0465475413209734,0.00159429236661268,0.00939888700539288,0.00262950006707371,0.00128420533814999,0,0.00054043377821268,0,1.82930356168419
170800020107,0.000670476693470291,0,0.0141522322616419,0.0255061782837273,0.816498248786383,0.00617405095086721,0,0,0.0627300218739125,0.000562335357578665,0.041590945787963,0.00542625013364693,0.0260404518701089,0,0.000648848420305422,0,1.93401644049557
170800020108,0,0.00465309883626192,0.0058290601921019,0.0171797092043042,0.914335092505304,0.00110307943140017,0,0.00402978675579336,0.0292319331339688,0.00396420113693775,0.0164380521326912,0.000177418048674304,0.00304408357121274,0,0.0000144956360526357,0,1.24851064447216
170800020109,0.000128884834545265,0.000865671125243031,0.0161921051827535,0.017652171311053,0.858735533675115,0.00654404626660547,0,0.000103431374476586,0.0623572090962481,0.00423791243303149,0.0158845571900974,0.00354520202139219,0.0134819382685033,0,0.000271329728746375,0,1.83826912585925
170800020110,0.000435881900532817,0.000835440210171211,0.01408264189199,0.0306344079375989,0.838024273402434,0.00499539117849685,0,0.000635661143838386,0.0775397548048601,0.00138029265582202,0.0277130850711915,0.00161639538520749,0.00192514514722753,0,0.000181617456340839,0,1.63765073589936
170800020111,0.000106588771906709,0.0115573596676495,0.0106766634592971,0.0306101887627728,0.893740430536453,0.000744346759333607,0,0.00851859844124211,0.0323668483328689,0.00682404734647674,0.00403260973408612,0.000449254351972068,0.000124353654229258,0,0.000248707270809108,0,1.49503742164441
170800020201,0.17868717396736,0.00746531017525329,0.00338066202174577,0.00357247737253249,0.293686651249971,0.21202416316412,0.0000241124403105643,0.00176035745821976,0.290897544336691,0.00267425696881625,0.000482248797413145,0.00365974680408848,0,0.00000338051765320419,0.00168191750143344,0,1.52920013611431
170800020202,0.00355118166167137,0.00453101777473153,0.0136517774559306,0.0177467051881519,0.569351856543883,0.107439148990307,0,0.00132515385285516,0.271126903451145,0.000989733602906492,0.00117804042175446,0.00498485574346592,0.0000701124478337492,0.000122696807139405,0.00393082249739106,0,2.21030326225534
170800020203,0.000658760221003823,0.000443357027539453,0.00906521026891906,0.0262824034843111,0.851972116681569,0.00672532831136037,0,0.000184732125680798,0.0992079911144444,0.0000492618905311873,0.00216752321257822,0.00129014786912902,0.00141627930545817,0,0.000536889153464581,0,1.48752682661316
170800020204,0.000568026626899824,0.0127182523455063,0.00258690488784571,0.0203741883739242,0.88780532123586,0.0010863835249758,0,0.0199076229009748,0.0486505873835494,0.00297291019674039,0.0029888605576717,0.000141668153518271,0.000181143066944221,0.0000181143065894666,0,0,1.16137620905239
170800020205,0.0188464249447425,0.0221106930452618,0.0113470794201583,0.0314384913459446,0.803558964294028,0.0196485582358051,0,0.00986825724950709,0.056911663937404,0.0168276514155859,0.00821607414138082,0.000337291701044303,0.000786598847105138,0.0000664962758315493,0.0000357544934838735,0,1.55663174673375
170800020301,0.0707573646273511,0.00549901818725595,0.0192819333168105,0.0387838657501162,0.650415895012765,0.114498511078777,0.00210359981481167,0.0041639004843692,0.0843491990217348,0.000643444840918222,0.00832777493947328,0.00094336618859149,0.000029016639678492,0,0.000203116478737676,0,1.89112797027405
170800020302,0.000452486576540772,0.019251247950985,0.0259339559180808,0.0407878160717017,0.678536606590329,0.051672693897127,0,0.0202437595853712,0.0533669353152153,0.100592254969366,0.00618604234995131,0.00194778985472663,0.000061702714837231,0.000658162286557907,0.000308513600829033,0,2.12595370895486
170800020303,0.0000545105696791443,0.00433127193084686,0.0120488751789002,0.0235724646438066,0.846604546685785,0.00254382653435979,0,0.00127943992379828,0.083388408476849,0.0224602558403794,0.00331121093560866,0.000223491691910896,0.0000908509276151061,0.00009085094771234,0,0,1.45802650907224
170800020304,0.110918844992635,0.0167752865386428,0.00780254400720356,0.0288612147554446,0.63161196036009,0.0726651410446627,0.00418456982377739,0.0109813222928392,0.0793785509770211,0.0205868792449799,0.0143781318584459,0.000554566302217893,0.00108419786700831,0.0000500399048331537,0.000166799682797385,0,1.41854882100179
170800020305,0,0.0183927958829787,0.0157341697330018,0.0513922103206148,0.595406314276238,0.0548173501002129,0,0.0122550631611923,0.0807097201370178,0.16834477177543,0.00204130184460429,0.000801620739462786,0.0000130852705758701,0,0.0000915968936327783,0,1.82139397024918
170800020401,0.023797495057008,0.0345543904874235,0.00706668419287772,0.027780869094478,0.761527396597787,0.00841543459929247,0.000492911022683182,0.0350770484453302,0.0700750222682936,0.0137388949374061,0.0116483254818232,0.000699174670957079,0.000699655729411586,0.00435107402609157,0.0000756384582854406,0,1.37868123034016
170800020402,0.000106856665969574,0.00050376278059738,0.0105344864477797,0.0248468919836115,0.914247241076901,0.00193863706504483,0,0.00165858643816846,0.0457055844921498,0,0,0.000366365623446665,0,0,0.0000915914053110948,0,1.39804168850151
170800020403,0.000133529402175372,0.00923022052419368,0.00359313761390347,0.0191947501075051,0.849134495798204,0.0115654896768454,0,0.027425622378972,0.0790228867299183,0,0.000484044073120007,0.000199132366169034,0,0,0.0000166911753108701,0,1.17921995280018
170800020404,0.0000297175682430212,0.0195488835523443,0.00102617381243016,0.0350580561083505,0.833982413801147,0.00824895400725193,0,0.0403374454237788,0.0493999254164425,0.0120266841651915,0.000282316818434282,0.0000297175680351389,0,0,0.0000297175680138586,0,1.11525917916474
170800020405,0.00331838182889644,0.0415729134160798,0.00521444795764457,0.0234007220915791,0.47904558961212,0.0926923330721253,0,0.0698149186928589,0.125992701918349,0.151282480428566,0.00252746448360586,0.000924086774807078,0.000139126406833979,0.00391029703413166,0.00016456117336565,0,1.3079522864981
170800020501,0,0.0108404024418273,0.00932010598653889,0.0233769210823205,0.858176468685698,0.00157865342451171,0,0.00575384481527451,0.0840466251503851,0.000139222111865187,0.00595581181284675,0.000649520955754714,0,0,0.000162425799373368,0,1.43014756445449
170800020502,0,0.0178297605170437,0.00357504949222001,0.0394499675305829,0.722819945885579,0.0210508178724699,0,0.122827882908444,0.0620506694504728,0,0.0100805869048196,0.0000805275071885538,0.000234798509060552,0,0,0,1.2809069997507
170800020503,0.00142499555041125,0.00716937982368777,0.00464051977198375,0.0365848759549738,0.7299993057303,0.0456230429884911,0,0.0301716988491111,0.135187605567427,0,0.00909299674585496,0.0000613496698207741,0.0000229837974794232,0,0.0000212487179125521,0,1.29011158647203
170800020504,0.00059353519536432,0.00893585859569981,0.00343833700288843,0.0396641432626897,0.557986791052458,0.165654581461526,0,0.0673765660705698,0.121858802287798,0.000187395194280864,0.0298064802480666,0.000249862208913297,0.0000520546281499395,0.00397697446462322,0.000218629351156484,0,1.26377341098118
170800020505,0.000208870078933606,0.0470613473757382,0.0130636826121264,0.0631585622843162,0.357606037993901,0.12959027690602,0,0.0985357265554415,0.22183168980883,0.000507150734300969,0.0335829912672005,0.00181378587013491,0.000887658024242377,0.0318557279343602,0.000296488126533756,0,1.81697135139187
170800020506,0.00254930747664038,0.078092329379175,0.0810632084172079,0.129731382787448,0.179946967456878,0.0287419257355538,0,0.0739193087209757,0.0867739721810432,0.0104073788389901,0.054921902020007,0.00668688545974644,0.0190906474019746,0.243917684815754,0.00086427995353591,0.00329282812555315,5.081313616686
170800020507,0.00004078202069857,0.140029892879275,0.049909665176063,0.0838250841694628,0.117984310263432,0.0144420233626717,0,0.0680319824830041,0.0545101382752078,0.00632626424231442,0.0325308075093857,0.00899963791092125,0.0378799605524875,0.380699252906901,0.000986242583744528,0.00380395804620684,3.85890009842779
170800020601,0,0.00435640114363335,0.0155288341895397,0.0544898488997885,0.816707252743992,0.00788001271885079,0,0.00359929421694182,0.0948668855469461,0.000164675320704447,0.00128746165430874,0.000984595103705443,0.0000149704848844168,0,0.000119763878573906,0,1.77065504920853
170800020602,0.000463033854883148,0.0124200136394495,0.0033797547875536,0.0939190941149162,0.459268725888775,0.0349687723120635,0,0.0127962319468752,0.33355246578893,0,0.0479539506298233,0.000277820321321815,0.000981631770282903,0,0.0000185213546715921,0,1.37558345331872
170800020603,0.0000851882823463685,0.0358815220697021,0.00622246013685852,0.0804176113865983,0.698323640502124,0.0505003393069007,0,0.0368793223149079,0.0839239236906118,0.000427947674403734,0.00445818704298715,0.000227168764176566,0.00007099023525573,0.00251071752518802,0.0000709902360960051,0,1.49127943986382
170800020604,0.000114475874079336,0.052747041169785,0.00732360420996251,0.033940234607458,0.394127166044882,0.0793921775852651,0,0.0994280805828116,0.195752448478506,0.108686118633095,0.00771996760455681,0.000372586354658988,0.000209409244244163,0.0201613021849792,0.0000253829395517441,0,1.42420692853789
170800020605,0.00015010112562084,0.13278497897888,0.0190365212786586,0.0705833333402834,0.257880449401454,0.0471611277582314,0,0.120371154354423,0.186729301948474,0.000383497102771211,0.0391088225520032,0.0015034162566017,0.00322236790765699,0.120728439674712,0.000350235901994237,0.00000625421308122949,2.08834380802437
170800020606,0.00113965658011136,0.153417342853888,0.0548379741419965,0.0753969220042844,0.154870006121067,0.0437439179127337,0,0.0763450470969544,0.11761189146816,0.0334724448000233,0.0165191850705071,0.016378500333897,0.023838665828565,0.214287534835479,0.00491686160626647,0.0132240797155362,4.81179838603615
170800030101,0.042963496998,0.00391201684523739,0.00810311355165055,0.0263826150358893,0.737022609133293,0.0614821932654683,0.00157420031310621,0.00362515841681162,0.0930664838098021,0.0106146071407933,0.009166342569019,0.000763440774982057,0.00102547906175304,0,0.000298236689918484,0,1.45985835587696
170800030102,0,0.0143079758859375,0.00955930933732005,0.0227615170781887,0.728905225613361,0.0435518671346018,0,0.00876833247826942,0.16752851795675,0.000606163229482199,0.00262670673265056,0.000946031860689318,0,0.0000252567981428708,0.000413078868426566,0,1.51636383172022
170800030103,0.00000744845900054829,0.0217670052275255,0.00519731359557851,0.0304593367833347,0.63174477286312,0.16669239398521,0,0.0333775999053043,0.10680242296871,0.00186871777116141,0.000941782541873456,0.000509877386958943,0,0.000320283610565658,0.000311049532534906,0,1.424260731342
170800030104,0.0000469191598631489,0.0631225035598396,0.00196839410178212,0.0164600564067853,0.622230106851262,0.0851717978301962,0,0.0702346549584066,0.13928842708357,0.00106307454518978,0.000328434089652733,0.0000856294387181892,0,0,0,0,1.13826018632057
170800030105,0.000247766508871918,0.115185859245202,0.0168961043523172,0.0456836911006366,0.337023005664915,0.105985532106942,0,0.133417138129156,0.191135852569473,0.00625241270316985,0.00446799601037972,0.0048334219124809,0.0141452210186168,0.0225243103862601,0.00220167903124964,0,2.26634766031861
170800030106,0.00571401050915086,0.116504975636721,0.101637129374312,0.0744890218442538,0.129556812443136,0.0526535657072899,0,0.0840951974452242,0.0534536363767554,0.00742537515819652,0.00949275759031223,0.0390860894408561,0.0270104444716335,0.233335514615985,0.0184708209105438,0.0470746322823371,8.97421438480147
170800030107,0.00493575914455737,0.157127160993777,0.0724422491413099,0.0769371983154037,0.141968524142015,0.0434829528727751,0,0.222464974473871,0.111130326937843,0.00257294812113451,0.0307825421024641,0.011960594280582,0.0555534887271093,0.0638235225229964,0.00481771617300757,0,4.85736065321747
170800030201,0.00812065852169528,0.027668839799726,0.0727047929402435,0.0563600624392225,0.0807645032934654,0.0138299815111167,0,0.0993954064263209,0.0738649204433118,0.0297049789730855,0.0573860026140832,0.045430687846966,0.288764146809447,0.131880359863789,0.0123823529249556,0.00174233435044322,7.94407058781401
170800030202,0.0000309115038945982,0.048045243746857,0.00580956011327092,0.0508260138168872,0.30527030165571,0.0450671182952401,0,0.241332092176875,0.137276914402283,0.000524710577914027,0.0112665235249006,0.000275877831705314,0.0293193410493988,0.124920892011774,0.0000344847280458959,0,1.50278170426151
170800030203,0.00265195315027946,0.184345486299621,0.00929318446247969,0.0524319280102021,0.0887682571354753,0.0395770137156829,0,0.309918254645613,0.136579727985603,0.00102942154328627,0.0104229611947744,0.00063923707559318,0.0245368164088382,0.139689552578457,0.000116224922734228,0,1.67105149170732
170800030204,0.00740949303317732,0.0656288286663163,0.0309157591424449,0.059409186601887,0.147843138116567,0.0267282300505933,0,0.28078876149672,0.153218049804268,0.0134236525159544,0.0166924301416668,0.0113934884127302,0.087626890675691,0.0909319731926912,0.0067983781262883,0.00119176626860456,3.74372193450159
170800030205,0.0000129445451759559,0.0583433308843215,0.00777461100455932,0.0466656859218474,0.195099014089731,0.0645175489199725,0,0.284714070757998,0.201098851007376,0.00002588909008026,0.0290615850504498,0.00118732302637234,0.00643357373793244,0.10470311581998,0.000362447222160648,0,1.66675355001381
170800030206,0.000253279112311348,0.0679188470247429,0.0120033634146818,0.0690807198962516,0.280286830032594,0.0573661048633072,0,0.251179689374437,0.161544964716295,0.00125056578930775,0.0122344388542257,0.00124360560373337,0.00913794904810573,0.0763255244416226,0.000174129439641468,0,1.88126618918792
170800030207,0.000389197229645762,0.0209254871299927,0.02421156760786,0.0497254455367426,0.0653099232955311,0.00883274427639828,0,0.128041506725344,0.0795590551351605,0.0115318511352751,0.12403128522575,0.00613968589798867,0.403854214017648,0.0587477660555884,0.00721162780550685,0.0114887003158803,3.18189546560995
170800030301,0.000139820774597449,0.00277644130600585,0.00151136562347598,0.0432447297385674,0.545748482930056,0.119010450047001,0,0.0996949701653374,0.177600900794606,0.000119846362769403,0.00922817036674592,0.000119846378042721,0.000419462295248178,0.000385512849968763,0,0,1.32101594192058
170800030302,0.0000882749241396586,0.0011475740601282,0.00174219410035839,0.0336497565656725,0.588653314874892,0.0779500127939344,0,0.0459054752151083,0.240591724098702,0.00242756054917652,0.00302341537521403,0.0000220687302173577,0.000154481113055223,0.0046441474966792,0,0,1.20521652905444
170800030303,0,0.00921658612919054,0.00112708811271863,0.0283507449971278,0.469290844651986,0.150484769452484,0,0.148177964475117,0.162583935795311,0,0.0108128731000988,0,0.000511369732691735,0.0194438296560442,0,0,1.21435184170279
170800030304,0.0000602078243029787,0.0272953321383211,0.00147216760881711,0.0574247135719122,0.49251193766539,0.0624816992409432,0,0.164170191089877,0.151748747452642,0.000276115776213705,0.0086978708144117,0,0.0044864084056105,0.0293600702773696,0.0000145324086055707,0,1.2617237657899
170800030305,0.000322611400562341,0.0296992729505542,0.0215767629679548,0.0763545521346302,0.364560766840845,0.0632562972422487,0,0.204946623038185,0.122955372152546,0.00694944282751024,0.0150711442542078,0.00620355967391079,0.0545366773159259,0.0311046676563031,0.0024622434934006,0,2.77669045050495
170800030401,0.000498889398240318,0.10049018276806,0.00964695828332351,0.0504757985565098,0.481100308212636,0.0391911814665401,0,0.0642608322574817,0.20932298896392,0.000262604432627647,0.0089737335048614,0.000495775239287706,0.00149991624449008,0.0337808302846231,0,0,1.57212409045241
170800030402,0.00468145452129791,0.136319795172335,0.1415972138617,0.108060744274593,0.0776272536543474,0.0132795416469619,0,0.0507514498007754,0.0566483947921286,0.0193019682143011,0.0189755554471371,0.120043054164042,0.0977347646147446,0.0669558369748118,0.0845357905709466,0.00348717339715733,22.0336584084243
170800030403,0.0000152946224099873,0.0567685742719824,0.00235750373804052,0.0588267448963735,0.604933478783666,0.0730947272414672,0,0.0312500620692302,0.147204165723692,0.0000305892447784448,0.00246243407825989,0.0000592047964088881,0.0010405930329623,0.0219566228036707,0,0,1.32143976324843
170800030404,0.000157635436529146,0.0495865868351905,0.00222936025695577,0.0280207236498264,0.568947959649794,0.0867542061473955,0,0.0413489050218897,0.202522155272404,0,0.0131162644762406,0.0000243120190648924,0.000765570700704932,0.00652632648807618,0,0,1.20247041716715
170800030405,0.000110003194878106,0.0369732917177043,0.00433662739249912,0.0447663532378052,0.569928226499515,0.0932310636676328,0,0.0385201147708954,0.184432325563528,0.000452817298071781,0.0205040220249351,0.000133541172687814,0.000345571028884009,0.00625413722649354,0.0000119162424574638,0,1.36920384424476
170800030501,0.000104091392696,0.0357120374325968,0.00409712139952896,0.0326594073935904,0.426223133028391,0.148070512454642,0,0.0416225563285096,0.307312055754719,0.000264184302789124,0.00364196796012886,0.000123119880835083,0.000122656930325983,0.00000943514861940396,0.0000377405940603621,0,1.30948543007606
170800030502,0.000250420077000713,0.0582059266470629,0.00494243994561349,0.0599952023541339,0.517277320701644,0.0708878005586535,0,0.0266495238846937,0.191773191184082,0.000874316721153798,0.00499876797024541,0.000327472422760534,0.0166791323636153,0.047080678662812,0.000048157707090936,0.00000963154135809969,1.43507862614013
170800030503,0.000323389424930942,0.122407672797884,0.00608990460503265,0.0376505116488909,0.473568963463411,0.0397972999500298,0,0.0801300774446407,0.160100426522515,0.000215239779747252,0.0116076132076489,0.000413569550880701,0.0340353031483013,0.0334604834611946,0.000034403128256721,0.000165135046026654,1.38572232757456
170800030504,0.00361643515362906,0.114985855216591,0.0528396939816105,0.0792937145792867,0.237959942896948,0.0937155171881796,0,0.0572994428984574,0.122688040127279,0.00488825441555988,0.0207320567375412,0.01735408704757,0.12795874931828,0.0561250359202751,0.0034086961137363,0.00713451396245363,4.60999223869227
170800030505,0.00116682987161931,0.113295743379931,0.0112472867553581,0.0324456975190275,0.442231652133424,0.0146201483511581,0,0.0338399854118005,0.0804582412650245,0.0072269032327102,0.0269256912751281,0.000651384236184305,0.210385171998726,0.0193304127493418,0,0.00617487139471146,1.54630930063741
170800030601,0.00100004966127883,0.0162771238276701,0.0119928066559464,0.0489632061223575,0.327397914707589,0.0470633280399692,0,0.186923151777513,0.0724223530079139,0.0128892517129672,0.0388410761137101,0.00130164271300356,0.213623601177981,0.0187176708817023,0.000148342762248913,0.00243830042355493,1.74856372487688
170800030602,0.00559190530839103,0.0507517493126447,0.0122027182351425,0.0421579191784591,0.380944760366402,0.0461833765394918,0,0.247814450895234,0.122273463692102,0.00542990114280751,0.0170699209941183,0.00498315379946616,0.0384262142527056,0.0169127009727916,0.00859920850562651,0.000658559931385399,2.75061453193056
170800030700,0.01670605146903,0.000119143260155484,0.00637864005332599,0.00544275595868566,0.000251621175178934,0.00405667101526861,0,0.0000996601409675884,0.000919717744616435,0.658838302418539,0.0742833749126832,0.00176880736705779,0.194110134713705,0.033615877709853,0.000503998627239118,0.00290525731953242,1.39390434699885
170800040101,0.00216101468359624,0.00110655766691181,0.0010228943793149,0.0120829049641433,0.930042825292234,0.00183054356130661,0,0.0000632318871944898,0.0347231042553952,0.00626153141535015,0.00879789489125686,0.0000843091577611344,0.00182318571219611,0,0,0,1.08818742864912
170800040102,0.0326003265800696,0.000916617345692048,0.00261217550357309,0.00692027031291502,0.815557860819484,0.00588704864918944,0.0145503415981241,0.00146741629822392,0.113308585491667,0.000553639340871267,0.00464813246354951,0.000718287179834145,0.000151925617750493,0,0.000107369475610144,0,1.19122077102589
170800040103,0.101266191147384,0.00416432540849716,0.00259835673178274,0.00382438208193294,0.585638954183946,0.00616331672532948,0.0864010634630365,0.00441252523393826,0.196632609678253,0.00682915828944385,0.0014160112865071,0.000550695056033254,0.0000256031064091073,0,0.0000768093192922856,0,1.1502542816615
170800040104,0.0157368245765363,0.000422264083767943,0.00533594936544297,0.0162106154356014,0.880468815348802,0.00445504760796603,0.000498750639681937,0.00220054868118156,0.0686449451399863,0.00187869038964209,0.00141599169696187,0.00233715199110853,0.0000343965430146719,0,0.000360007505572116,0,1.43005647333094
170800040201,0.06312657720288,0.00175843887570317,0.000260531776886281,0.0123254291388843,0.78471130188363,0.00333533035375292,0.00918806413243369,0.00535422881042937,0.0789963256755555,0.027126700240164,0.0138170724907215,0,0,0,0,0,1.0376526810028
170800040202,0.00930268432566518,0.00220585546569828,0.0106444447577051,0.0369602144939645,0.804194449386466,0.0116751000056551,0,0.0386193192527577,0.0487642356295306,0.0261867001943809,0.00458987712124972,0.00106616365131866,0.00286823714946208,0.000514699633988794,0.00016543915167501,0.00224261914056927,1.5707409040978
170800040203,0.0135502211406695,0.00267082786967521,0.00228103578531237,0.0100152788302443,0.765438009157705,0.00720323785371314,0.000348400648890186,0.00908089567879693,0.188175142307531,0.000244395341472202,0.000440947295257118,0.000515163593956997,0,0,0.000036400927318331,0,1.15610048017112
170800040204,0.000486766666652242,0.00419609816235789,0.00106393281493662,0.0304289479917694,0.837860856458822,0.0037431058504071,0,0.0182016279938874,0.0943933045925607,0.00239412013415385,0.00476813221938802,0.0000299186554880625,0.00241324787004456,0,0.00000997288528930664,0.00000997288519444548,1.15414913634421
170800040205,0.0120475824235482,0.00117989382657218,0.00398735661604238,0.0148129121226135,0.878859019081311,0.00706722931964758,0.000262654685588588,0.00232139156639396,0.0761144908297962,0.00151224570429855,0.00118565780470972,0.000249988051303284,0.000094327585298118,0.000145324693034069,0.0000857101891814694,0.0000742084106868967,1.21083018140395
170800040206,0.00667075566317848,0.0153369820977813,0.0253267222485137,0.0677861894934108,0.611283694375666,0.0404456334170165,0,0.0808274266700503,0.060691233702951,0.0291138043286768,0.029445183366359,0.00536260213085487,0.00680125564471576,0.00666056442825487,0.0039133594205403,0.0103345873084782,2.84639807485007
170800040301,0.0874671244705078,0.000269242740381716,0.000417524547869418,0.000526070464044124,0.676936933848814,0.0131627962691563,0.0101826795684705,0,0.200154461447023,0,0.00971222581956511,0.000279079212009693,0.00085821125145077,0,0.0000336553426631822,0,1.03710597078862
170800040302,0.0067896287076657,0.0015254599987012,0.000432593090797892,0.000890077358272917,0.826669111860179,0.00573152687124233,0,0,0.108837842862015,0.0390927493062722,0.0097122591743749,0.0000683041726217742,0.000250448528663112,0,0,0,1.01871861196408
170800040303,0.137117765580147,0.00217489011009495,0.00301739405854375,0.00510891648662704,0.753498621837409,0.000638947583995863,0.0123603140342665,0,0.0578110800218297,0.00135442237118273,0.0214769775598303,0.00197840399599294,0.00238326278335736,0,0.0010790021709255,0,1.34040847295554
170800040304,0.0000261192443837769,0.0040983453556608,0.0140157688854614,0.023669787412864,0.822601667366752,0.00517130072943675,0,0.00248604567824601,0.0652400651938048,0.000831902943104812,0.0580936861055923,0.00199773025746673,0.00133349139766757,0,0.000434080366808234,0,1.71517680753792
170800040305,0.134134295858071,0.000311983580924687,0.00356462860083329,0.00724811799487705,0.764115378712925,0.000241078207225202,0.0211522840257426,0,0.0530221402825019,0.00136138278099997,0.0132839825632901,0.000988242166093866,0.00029780224140832,0,0.000278691143797126,0,1.23596410424243
170800040306,0.000579073929883404,0.00132396010075952,0.00963910164474521,0.0218024668262375,0.847087211805561,0.00426515347641965,0,0.00120249510788185,0.0975519422383343,0.0041419302952032,0.00822060593969829,0.0032215030836357,0.0000971713861621521,0,0.000867387094688783,0,1.68924517803974
170800040307,0.00023804429409195,0.0018470968567313,0.0097134194886459,0.0259410688889585,0.878940503006962,0.00253758123942312,0,0.00154049139082884,0.070106702963916,0.000962668543900515,0.00682598781405555,0.00101885924734929,0,0,0.000327580636685437,0,1.50487066895163
170800040308,0.000831001069521767,0.00208584308566262,0.00903008969044302,0.0358058383795957,0.835166434373353,0.00648665088460731,0,0.00433685682676865,0.101364711949953,0.000927088308860131,0.00197277631168564,0.00144284400023609,0.000199718764329376,0,0.000350150218996703,0,1.54814835301491
170800040309,0.00365555954002443,0.00703482687193139,0.00181032981394336,0.0206195027995177,0.889143887546772,0.0033427894091116,0,0.0137896664120064,0.0364478759678079,0.0156469067403624,0.00740341186487965,0.000287445046088507,0.000760819619194591,0,0.0000569746099088774,0,1.17694335468468
170800040401,0.0060911787663046,0.0041563845954167,0.00373208757496485,0.0154573731482075,0.858803507977715,0.00613416197618423,0,0.00448738410153554,0.100913546326269,0,0,0.00017259168373726,0,0,0.0000517775050511389,0,1.1873087800295
170800040402,0.00376977931526952,0.00378009877653447,0.00815624345551364,0.0298263044077812,0.873664023174613,0.00263031730093953,0,0.00387061563463421,0.0702677202315932,0.000241298823885827,0.0025523592756192,0.000717209319918499,0.000388750033867732,0,0.000127810033391216,0.00000747596231251649,1.43786315427583
170800040403,0.00876126945877815,0.0276001942232336,0.00512797268281268,0.049264978564501,0.777371708023189,0.00534617686517982,0,0.0531638133552684,0.0335673016901031,0.0161317963271314,0.0153757477668603,0.000668042491047468,0.00330710057444147,0.00425637663187911,0.0000383457243526357,0.000019172862020295,1.43166692717881
170800040404,0.000200359138978807,0.000801436879626559,0.00611274027688113,0.0406005691499272,0.900357471835924,0.00131346604084292,0,0.00269842249916736,0.0463675107120422,0,0.000512028156736705,0.000648389067581983,0,0,0.000387608481006505,0,1.38197625648822
170800040405,0.000249528855981286,0.00100655876577266,0.0149041231453564,0.0359952064061519,0.87112488246936,0.00670551851563406,0,0.000949041270432613,0.0652316755574095,0.0000167389702145368,0.00110166176620016,0.0019451427514165,0.0000191725476169187,0,0.000750748838123915,0,1.82011280990693
170800040406,0.00036140072325188,0.0404590307274202,0.0012822279955419,0.0510989452956417,0.801907459142876,0.0202646928072488,0,0.0408879507616393,0.0278162091347522,0.000000949857708110428,0.0135859594537411,0,0.000889601440895287,0.00141780261085927,0,0.000027800049982897,1.30665791044213
170800040407,0.000279601604154283,0.00718819258132808,0.0011568032341986,0.0164536146840845,0.844676096969439,0.0277023723236378,0,0.00702464012090328,0.0924611896195007,0.000257486326229782,0.0017065291251406,0.000785859625708712,0.0000165682419617605,0,0.000291061833695388,0,1.17020810554841
170800040408,0.000135901458351219,0.0216204641768222,0.00391811211884042,0.04200396482325,0.752115786242187,0.0443942926092446,0,0.0314768429655473,0.0764147191650219,0.0232431318113768,0.00257853226053168,0.000120801274046701,0.000935534914807107,0.00104191054479714,0,0,1.35528806678221
170800040501,0.00172479863901006,0.00316262559620742,0.00706381870510564,0.0277119889265247,0.860302222035783,0.00851256936011368,0,0.00522730505321545,0.0777261189346738,0.000173407974837269,0.00603722445619548,0.00143374259731926,0,0.000221174226688232,0.000451180449438122,0.000251824233026811,1.49526335428891
170800040502,0,0.00479848208933852,0.00260131732224536,0.0398561236510271,0.856000690435432,0.00150927213276209,0,0.0139173376307309,0.0791952149757793,0.000485165447422466,0.0016198907560958,0.0000164989121726571,0,0,0,0,1.22697396379636
170800040503,0.00416909627614888,0.0401886231430348,0.00742487397975468,0.0202043174803333,0.749313008688957,0.00427697059729975,0,0.0514714005697026,0.0387526838968216,0.0242229547756713,0.0130262434802839,0.000473924298250737,0.00195816743233566,0.0398239610799226,0.0000117367741241499,0.00468202880370543,1.35058713824792
170800040504,0.00538072105611973,0.0380930158447713,0.0118209889027371,0.0347275648888922,0.586097245019417,0.00369691291239801,0,0.0674283349093681,0.0879008645681912,0.0221112526029082,0.0359941790109622,0.000665222206533754,0.00827405782138524,0.090760192079562,0.000452275074957876,0.00659718224291177,1.61140226116767
170800040505,0.000674504444466469,0.00901094114954482,0.00565035434780748,0.0381180235330386,0.776929600751873,0.0116669124509202,0,0.00730650896599164,0.147271764629204,0.000659740301469081,0.000595658003532019,0.00076806694224546,0.0000134930983411477,0.00095848028248062,0.00037595538925381,0,1.39160244124205
170800040506,0.00113410642726262,0.0546941791180844,0.0178202272776302,0.0283362968690535,0.47912785982456,0.0420452665166743,0,0.0334120384172841,0.206970659451047,0.0122303982224486,0.024591274808063,0.00385450341890325,0.0165168059490303,0.0744318502101242,0.000814436105058046,0.00402010283340795,2.02594246133849
170800040507,0,0.0733283891908808,0.00761447168514825,0.0627194266037477,0.608666111002144,0.00532328069396267,0,0.0726398788118149,0.0630330654544718,0.000455230991952406,0.0207465815163286,0.00050878744966526,0.0367933817639522,0.0439404476941868,0.0000535565906750898,0.00417741423957074,1.58209176050085
170800040508,0.00133916324632778,0.0512967821395656,0.00934669568257489,0.0355653494828625,0.437195833643925,0.102043053295398,0,0.039984525557162,0.156436598220661,0.03198067584407,0.0282077074560034,0.000148358306210425,0.00789595977431836,0.0985428241613827,0,0.0000164842574131707,1.48693700484185
170800050101,0,0.0257619878505111,0.00402294368043083,0.0375099785235292,0.754119796546906,0.068512550106428,0,0.0166984899588718,0.0897504688632424,0.000393114555825817,0.00264837428633535,0.0000589671832333814,0.000412770293180102,0.0000712547158659924,0.0000393114557201438,0,1.27281022604995
170800050102,0.000025468542241326,0.0181020500757879,0.00337980881559321,0.0200662745414219,0.572293034258583,0.0760019634654759,0,0.0201819259009637,0.2859181461541,0.000241951102281512,0.0021648261389656,0.000330906218965973,0,0.00127581243954075,0.000017833823564825,0,1.18198003766074
170800050103,0,0.0368297846001442,0.00934768574110047,0.00805039591623174,0.662672509854049,0.042252186747546,0,0.0495538052432958,0.175540832515951,0,0.014701430841502,0.000100916124431098,0.000100916124054947,0.00081678652695569,0.0000327578480516291,0,1.32756712799829
170800050104,0.0000909842921156288,0.0465308909565023,0.0240960414872979,0.0330216862841449,0.465815932241694,0.0597190574555374,0,0.0609705401494926,0.206067869370647,0.000929428775426533,0.0363181195943256,0.00691739380162342,0.0159121417915835,0.0413150838053045,0.00186012333292343,0.000434702802928541,2.56715386092889
170800050105,0.0000319983519586414,0.0142765669789829,0.00669927115905159,0.0511296174049621,0.684163560035848,0.0135396058289061,0,0.00780116942375084,0.217950226409063,0.000362334145977278,0.0028668056373417,0.000848204485497882,0.0000426644675548348,0.000202656199074115,0.0000853289349070242,0,1.40415017583396
170800050106,0.000157741101501533,0.110157633061429,0.00646281732656976,0.0277533099931128,0.473801689489881,0.0533334237745209,0,0.102019721113441,0.131165798807436,0.0119970932491449,0.0220039183230401,0.000387530596940596,0.00146896391659066,0.0585016453735976,0.0000591529127919688,0.000729552530013075,1.34887566330537
170800050201,0.000320497241739085,0.0274581026755556,0.0012545402460936,0.0147286684151345,0.860411727602972,0.0187109873230394,0,0.0273532040720459,0.0344399988348124,0.0120563093533765,0.00262406874671049,0.000100155354475321,0.000401516965459013,0.000140217509292217,0,0,1.1231427930351
170800050202,0.00691420348648873,0.053955224618656,0.0173301378149631,0.026768041558653,0.381615324549844,0.0825210476828035,0,0.0401144676699412,0.257661872265129,0.00440820903040033,0.0353087036767477,0.000915639593483673,0.0180516486414984,0.0744028841658544,0.0000325996145471026,0,1.76439901538881
170800050203,0.00474471419623213,0.0420829899216561,0.00565063721222564,0.0303064326616211,0.456547454562879,0.0851759426829748,0,0.0302907481144648,0.172271476381128,0.151411606907963,0.0108277323730555,0.000155327703589475,0.0045104201279295,0.00601340149129222,0.0000110948358660819,0,1.33019131333812
170800050204,0.000570446701507668,0.0369866085495404,0.00397081544199313,0.0172684432420139,0.30970668431241,0.0643989468092966,0,0.0784837677533152,0.211309735015807,0.25205150670808,0.0100903617901508,0.000335335438336176,0.00257501813503819,0.0121857288857935,0.0000665952854185894,0,1.24176111898044
170800050205,0.000281713446957377,0.0221868517159607,0.00495390467438907,0.0280034911331713,0.584138967627493,0.102153042749771,0,0.0561823064778371,0.164098548405305,0.00183870557907706,0.025568433109768,0.000289037858092652,0.000453086376862693,0.00983493093594517,0.0000169954956447846,0,1.32130937705725
170800050206,0.000158232919437596,0.125617359793938,0.0300995422904072,0.0459847529482707,0.153453702014577,0.0179795655020129,0,0.11928082648808,0.111026104292174,0.0808430125142218,0.0340452907580386,0.00424848635690237,0.00664098648825679,0.260467673535228,0.00103683679174497,0.00911762538787539,2.59267303571688
170800050301,0.000446693547705407,0.0777427966953303,0.0103503137962504,0.0314984777234223,0.215514405241556,0.0619748570529416,0,0.0983761768100431,0.107540104838606,0.0138746723475078,0.133378477889921,0.00145380434558028,0.0268177795556364,0.216288738443035,0.00061449351511814,0.00412819743458631,1.64691630596359
170800050302,0.0000911391498028384,0.00343096537213961,0.00463346626571684,0.0304088624041716,0.561152308345705,0.202228357576491,0,0.0184116357157902,0.101451238146496,0.000136708745658036,0.0557454596237899,0.000341569001258264,0.00454465362600709,0.0174236265072091,0,0,1.32966353776528
170800050303,0.000037622177484383,0.00530005955695708,0.00412271841067226,0.032808014071413,0.574533231592661,0.141793934216558,0,0.0365685544814318,0.149705107646605,0,0.0398045219409229,0.000540944381255269,0.00172415982777008,0.0130611463746278,0,0,1.33649399777334
170800050304,0.0000944406219055627,0.0290218979341863,0.00672423999120467,0.0280770674815834,0.274255156550197,0.111805795286956,0,0.0422777583410633,0.136337759326558,0.00108850028659383,0.123601112079434,0.0010372868381691,0.0281015626334788,0.216416432238637,0.000225557182885185,0.000935388383898264,1.46592245759596
170800050305,0.000265536633596763,0.0484563625999208,0.0174723448208655,0.0419197267517101,0.116436916714186,0.0260634211360823,0,0.0554106370651268,0.064577061121219,0.00128957798398904,0.274499281991945,0.00517308864131405,0.0464179627995967,0.300628353304426,0.000806050916933692,0.000583779892665456,2.20265507637627
170800050306,0.00307333840199839,0.051330279589748,0.0355493945083637,0.0473449265118148,0.0592208187180058,0.0265112449827803,0,0.0380551552551941,0.067186106901606,0.0403668752303225,0.102839427518233,0.011252168969438,0.0460426257040986,0.467388597058048,0.00300273603756401,0.000836321039995747,3.46492566639362
170800050401,0.0048558993181976,0.0000248205828539376,0.00373557244327024,0.00623802953875531,0.584565978517832,0.0987364110880499,0,0,0.287188105794388,0.00708627613090485,0.00619899680138583,0.000967415305259979,0.000074461748417261,0,0.000328035595089505,0,1.23883612784469
170800050402,0.000275215485159888,0.00393769796708798,0.0122454358025303,0.0211927272061971,0.594819785677605,0.0376113382186802,0,0.00285800777996354,0.301948105159745,0.00561330811174993,0.0153198722455039,0.00201797912042315,0.000603357077285732,0,0.00155716727165821,0,1.79792929328796
170800050403,0,0.00147364950549051,0.00601568197935682,0.028981540387989,0.747655194264121,0.157997262118146,0,0.00675557950652425,0.0280329993460713,0.000693424482317133,0.0217540366237228,0.000640632935245678,0,0,0,0,1.41342442182935
170800050404,0.000073145979475329,0.00413267867360875,0.0055171660429465,0.0287760799556709,0.577037538334528,0.0869889836320768,0,0.0284734428027812,0.255134297807716,0.00292539249747749,0.0102071912459103,0.000199211597168816,0.000199489120571736,0.000315440586334637,0.0000132992737065255,0.00000664963683861983,1.3213013772108
170800050501,0.0479916097864962,0.000625462936761362,0.00473159680325487,0.00225785048558442,0.143256260494854,0.221722232780449,0,0.0000956716277784224,0.489759088180804,0.0634685659925369,0.0165863820225597,0.00608844586032123,0.00103325394752617,0,0.00238360849341271,0,1.79560888647869
170800050502,0.471568659290102,0,0.0000934074877314862,0.0000462341443089079,0.0168799941618592,0.127182232662994,0.0000502059600699322,0,0.277186321771809,0.10337883276241,0.00295844665435581,0.000198855807017425,0.000311276953059512,0,0.000145537644113427,0,1.03108585225284
170800050503,0.0490850179778449,0.00357851301944354,0.00948598684314366,0.00748738178267992,0.247916157282486,0.0401876591771873,0,0.00185934381172364,0.591744298427867,0.0283735499277788,0.0139682344807092,0.00363102685826934,0.00184793691756217,0,0.000834901057135695,0,1.64642239630195
170800050504,0.0230280707128553,0.0091007735331496,0.00964558262700082,0.0264934420473092,0.655789466398372,0.0350907310512383,0,0.0187161561144536,0.12494937099838,0.0549988972243637,0.0256636588639745,0.00211033476711482,0.00514798548804048,0.00873054317452143,0.000523982846141749,0.0000110117331458563,1.61927477140498
170800050505,0.00475925958520078,0.0282950920180645,0.0137212695045009,0.0438916569093648,0.477365921480534,0.119069163457249,0,0.0616169377035741,0.138662740225041,0.0266305628397459,0.0428254793005767,0.00227107659248224,0.0101089659701489,0.0300753208554852,0.0007065569885576,0,1.90329423171215
170800050601,0.145011306666455,0.00046569592795295,0.000989081605917227,0,0.56117268513143,0.0313870513920996,0,0.0000927286530541839,0.225061780952005,0.00245784236557674,0.0223906274767592,0.0000475521653712037,0.0109236362374381,0,0,0,1.03517338035519
170800050602,0.00868906148363539,0.00709481024088247,0.00998905558422894,0,0.651555068148946,0.0125745286727099,0,0.00455289549269192,0.27024660952682,0.00731767808020432,0.023635107755967,0.00217302903305824,0.00129448607559572,0,0.000877684752695087,0,1.50840536424853
170800050603,0.00168172647430569,0.0136718527899379,0.00764009486943058,0.0193637346431685,0.728333929232959,0.114296507317263,0,0.00734186286775927,0.087943844273518,0.00580266056464907,0.0118549734735549,0.00109247553123496,0.000751606683085506,0.0000546623068453705,0.000170068885162917,0,1.44126504813282
170800050604,0.00066219406775582,0.00408320930065276,0.005324989147343,0.0215024181437307,0.601805541935005,0.139457218077184,0,0.0160151963943671,0.203245874999675,0.00594387732762824,0.00137037382394475,0.000276360050034568,0.0001655485229606,0.000147197233574298,0,0,1.3047711551839
170800050605,0.00599423280987348,0.0172242020565723,0.00681871605972638,0.0225024631781184,0.603257636884059,0.0891667953869015,0,0.0384348465124394,0.144403153923417,0.0132127772050677,0.023944305379845,0.00110579169751006,0.0038097628049534,0.0300754662146855,0.0000498480879229164,0,1.41113600909873
170800050701,0.00144578389038284,0.0160654665697342,0.0148309531382341,0.0313846395119624,0.419794174209891,0.060781576787953,0,0.0386384701533202,0.206795894101336,0.0566268643748367,0.0660324067093953,0.0027980138904181,0.0465030533171639,0.037679696092324,0.000503210614605067,0.000119812068179387,1.86304663326351
170800050702,0.00936138955451474,0.0393670016372753,0.0121654145456757,0.0450416736497876,0.334893240735068,0.0710381180846679,0,0.0543190609220497,0.28411627118317,0.024200243976588,0.0329322243933494,0.00197447801664687,0.00670752858985326,0.0834011422919058,0.000402720867868278,0.0000795035472169682,1.8314669193039
170800050801,0.000504965451421775,0.00176737927283767,0.00457281184016969,0.0182779461534949,0.523788621863628,0.061980227055483,0,0.0227864693983792,0.365991393335613,0.00000000843223743082782,0.000213639140646104,0.000116530471579964,0,0,0,0,1.25751350587926
170800050802,0.0000456505496164082,0.00474385523282564,0.00637615560910271,0.0251131585240853,0.52316770638054,0.126452587091977,0,0.0372906936237115,0.272665268034504,0.000376614574037391,0.00175183995068779,0.000199949145385717,0.0000513568679019384,0.00164341983678797,0.000121747767460202,0,1.33969138924066
170800050803,0.000260513092812814,0.0666899091314766,0.00318209355852616,0.0326271842563898,0.546142169237175,0.142111471543758,0,0.0878858042458012,0.113701827133313,0.00000278216086444989,0.00126143182082844,0.000150823357804202,0.000150823366408391,0.0058331617803312,0,0,1.23457758907475
170800050804,0.00141109647109586,0.104464186524908,0.0655256875077408,0.0732780321463522,0.284763623227718,0.0476094642839999,0,0.113031846826666,0.175223607399209,0.00616301162286082,0.00339932680970689,0.0424862988294615,0.018879010253098,0.0429945437113949,0.0203049685685045,0.000465896898821697,8.22713975942329
170800050901,0.000101419284172979,0.0423619612864318,0.00600107513697329,0.0411139421249112,0.504004279211452,0.106283963107344,0,0.0296387126349916,0.207795818080433,0.00045822981048817,0.0184540875619088,0.00170153815963432,0.0013247010812133,0.0407102788214499,0.000049988717218204,0,1.50461953144627
170800050902,0.000248431442894465,0.0464631517997447,0.0295562646726503,0.0563551798325911,0.275057363512926,0.0635266979098989,0,0.0517016356415441,0.120507877911294,0.00177847205705718,0.080037554573598,0.00594226762823807,0.0150825523613328,0.250716272163641,0.00202754151912986,0.000998738208746459,2.88976217867714
170800050903,0.0000388858645513104,0.0825704758048333,0.00670466800340027,0.0524466716197013,0.501672365103765,0.0431638559074797,0,0.0546177290552327,0.178727099116912,0.0000675667539260931,0.0114091133291109,0.000642741852408623,0.00236657659885947,0.0653855909572386,0.0000622173942049094,0.000124434779970273,1.4893741314093
170800050904,0.00216383897727473,0.108402744229398,0.0343422724306395,0.0568032013646463,0.311219355632926,0.0642123125269844,0,0.0601218585865835,0.163495850289857,0.0233925615848414,0.0406422051313278,0.0131898352570883,0.0101715452908219,0.108794790855592,0.00302044441932253,0.0000272307951590697,3.60408127462985
170800050905,0.000275300145495857,0.0264784223093081,0.0187308272471024,0.0597828718477254,0.569883633650288,0.0601304722009926,0,0.0654759734207734,0.164871379963466,0.0000826122836387016,0.00861017459652683,0.00455566175952252,0.00363735305755632,0.0174134779543072,0.0000718376351806543,0,2.18267128770407
170800050906,0.00415198608921049,0.164390481030191,0.0869264985675509,0.0907773613600318,0.205916815055017,0.0261040209569691,0,0.0746367618736973,0.115817969899001,0.0433290010039589,0.0174501778974873,0.0429596369138735,0.0183910691114717,0.102291816968212,0.00671489393452975,0.000141091118105599,7.84476664863269
170800060101,0.00173448420170288,0.00741541326319544,0.00663981848139858,0.0460769009785174,0.40477513282409,0.0764383343408213,0,0.138751894141999,0.138789934456812,0.0113110123857465,0.0392786376908812,0.00100525288643391,0.118215867346958,0.00920975233975816,0.000357596477920685,0,1.57130090540795
170800060102,0.000504163782897527,0.00931335596630106,0.00336940359832275,0.0540892920733511,0.437561417998266,0.102222400828797,0,0.129292908506573,0.234014369895336,0.000127250987070068,0.0110182251656455,0.000220450136579807,0.00478758216382531,0.0134248497776778,0.0000269594407673796,0.0000273359540101725,1.38801790598866
170800060103,0.00396571616220504,0.0122458747792212,0.0312860361568448,0.0700879027451186,0.357026886323301,0.0737679530643102,0,0.201594904221222,0.124176113961565,0.0122926968339697,0.0333197280599223,0.010836200651793,0.0330908618148346,0.0257172865917575,0.0105333471637269,0.000058417050417163,4.15499092576107
170800060201,0.000448338355833248,0.011411455501388,0.0024313545541814,0.0343550810200163,0.374185565797114,0.0710119735703898,0,0.21726664360331,0.264477350091817,0,0.0131380962056845,0.000366975890896127,0.00309409797889739,0.00777365206800524,0.0000262806578817162,0.0000131403287550598,1.31860174130954
170800060202,0.000376588287615732,0.0115337436527795,0.00327425119830806,0.0528916716568817,0.419325909186909,0.121377840291332,0,0.15692917248037,0.214113774985591,0,0.00834853458098894,0.000753176778986574,0.00167822083323307,0.00933685984132155,0.0000602541433058101,0,1.43245751147635
170800060203,0.000271319313038548,0.00688003361608403,0.00280321081863599,0.0554245848625851,0.420224562654732,0.131417814114052,0,0.103091169376318,0.249020713930987,0.000940274300082433,0.0156530418762761,0.000481456021107669,0.0113278906689973,0.00238839955741045,0.0000660821989798224,0.00000944031415751393,1.44754412486234
170800060204,0.00258993286211879,0.00507001899302576,0.00765664211560951,0.0563420126551317,0.32620898545885,0.124397622193871,0,0.191482648525823,0.148085897245618,0.00931100658600311,0.042109133118251,0.00164569746727516,0.0746519230872491,0.00974931341655504,0.000699220956323432,0,1.74536984292892
170800060205,0.0234326363353485,0.0117440789816686,0.0385827997823661,0.0536075811844541,0.159745875754176,0.0931688877156826,0,0.107165988958474,0.125399268055698,0.0714049666146174,0.0338363629785379,0.00963728409080613,0.259498933069822,0.00977923099669454,0.00294689420632177,0.0000491630328768119,3.54802419701977
170800060206,0.000213026767537909,0.00649303800474691,0.00283014348097525,0.0382948435026342,0.409658542966361,0.15261109406864,0,0.159536548782086,0.229019147185808,0.0000495828235051691,0.000768533548681127,0.000389144603121545,0,0,0.000136352731997994,0,1.37039008953082
170800060207,0.00382914415655697,0.00257709096631728,0.0143458008641789,0.0542187501611314,0.162340657620797,0.209983341027296,0,0.0632912100595155,0.286622218999614,0.0111459426653,0.052494230103844,0.00199743187330695,0.109143139953481,0.0273624076259812,0.000607337607250769,0.0000412186986739739,2.071045989474
170800060208,0.0111635462562328,0.000571016371148659,0.069011500241073,0.0801207455597672,0.166442654566253,0.0841762566862597,0,0.0255155237461139,0.0600984486200826,0.0372112905531507,0.252676480290086,0.021549498291874,0.179751154313606,0.00104282869755348,0.0106692771676843,0,6.18358479303075
170800060301,0.0000262935450842462,0.0168786364396723,0.00523345151946068,0.0702764231981276,0.592165183579482,0.195184853835214,0,0.0109307835490828,0.106313376629666,0.000105173882913148,0.00238394835644683,0.000455177219950433,0.0000204042910935192,0,0.0000262935449393512,0,1.53086585574665
170800060302,0.000366674950929591,0.0357665477220726,0.0049989116401625,0.0975539838280425,0.584737292655827,0.0728743941367045,0,0.0442296140934927,0.152572493179353,0,0.00603210374283166,0.000662400694810062,0.0000560474788176149,0.000106821805799176,0.0000427287224506198,0,1.5474514348163
170800060303,0.000730306082769645,0.0357055881497955,0.00922736059011654,0.0445325091965168,0.436021745721128,0.192641897815989,0,0.0394130790961006,0.233144850043013,0.00112790843346218,0.00482561568653343,0.000822481414584823,0.00135548754025816,0.000267554265925052,0.000183612942541121,0,1.54621142708559
170800060304,0.00103555144680322,0.0393735705265514,0.0105101356650679,0.0791940563804132,0.400603091496779,0.0637460371830344,0,0.0424917234560956,0.229787635210058,0.00773727092398499,0.0278920286804661,0.000902298854085717,0.0654918635439435,0.0308395459092137,0.0000504518732387815,0.000344754501383468,1.69053674841249
170800060401,0.00136437931182585,0.0523166278951426,0.00682199938039758,0.0831849758240963,0.358503264782655,0.178112210309439,0,0.0425054084475896,0.208875512291754,0.000354481737728124,0.0298879601835142,0.000870430074530652,0.0323787912086995,0.00470877300515023,0.000115160218242966,0,1.72620976199878
170800060402,0.0017040834168085,0.0256135937972304,0.0111066045446325,0.0793371250587022,0.447869097208275,0.0890734596914277,0,0.030148980883556,0.145557103538092,0.0109044364662924,0.0706935319697551,0.000993195741650254,0.0851232124354982,0.00182577284562774,0.0000497938119098747,0,1.77648080377587
170800060403,0.00385111180892196,0.0420882127162965,0.03092978480527,0.0618227502187745,0.341443689073684,0.0749454344070465,0,0.0393955894191829,0.0763864655406391,0.00411750545080143,0.141443367333242,0.00985736670109476,0.168628770962893,0.00281126850380795,0.00227888943289832,0,3.16223061050474
170800060500,0.0174225376254113,0.0000518271663458725,0.000608548263003597,0.000666310507971969,0.000107255255916565,0.000511769141143797,0,0.0000807355380140922,0.0000972287967934592,0.884461856138512,0.0226513143963811,0.000424895697525028,0.0725376967434164,0.000175220195506397,0.000174948105129702,0.0000278327588394362,1.06733356129348
